return_key,date_key,sales_key,order_key,customer_key,product_key,location_key,return_quantity,return_amount,return_reason
1,20241027,14,7,162,135,11,4,22077.62,Incorrect Product
2,20241027,16,7,162,195,11,5,41701.22,Incorrect Product
3,20240822,19,8,736,152,1,3,16055.48,Incorrect Product
4,20250708,25,10,97,142,8,5,21069.02,Duplicate Order
5,20241204,28,13,998,169,8,3,13655.83,Quality Issue
6,20240526,44,17,986,6,6,1,3243.59,Customer Changed Mind
7,20240820,76,26,670,93,7,1,645.91,Duplicate Order
8,20250902,90,31,250,13,7,2,16243.29,Duplicate Order
9,20251111,114,38,298,139,8,3,16482.86,Customer Changed Mind
10,20241130,136,44,54,168,2,1,2564.88,Incorrect Product
11,20240115,141,46,942,136,11,1,1669.34,Quality Issue
12,20251105,153,49,860,30,8,7,74816.81,Incorrect Product
13,20240327,159,50,739,106,8,6,23344.6,Customer Changed Mind
14,20240829,178,57,230,161,12,1,6148.78,Incorrect Product
15,20240428,192,62,275,87,8,1,3546.22,Damaged
16,20240309,199,64,276,91,7,6,8943.84,Damaged
17,20250205,205,66,899,55,2,1,954.57,Duplicate Order
18,20241226,234,75,349,110,6,1,133.21,Customer Changed Mind
19,20251218,259,84,256,32,3,2,7499.7,Duplicate Order
20,20251218,261,84,256,173,3,1,5416.44,Incorrect Product
21,20250220,263,85,40,83,2,5,7620.6,Incorrect Product
22,20250215,306,99,992,154,2,3,5001.6,Damaged
23,20240331,311,101,592,88,2,1,3365.34,Customer Changed Mind
24,20240806,338,113,569,170,9,1,777.19,Customer Changed Mind
25,20241014,354,119,329,19,9,1,4850.84,Quality Issue
26,20250112,375,125,67,14,5,2,5470.16,Damaged
27,20251003,407,137,167,49,9,2,8254.0,Damaged
28,20250209,421,143,452,90,12,1,1427.57,Duplicate Order
29,20240106,426,144,201,85,9,4,1825.96,Customer Changed Mind
30,20250307,457,152,394,35,9,4,5382.94,Incorrect Product
31,20240705,458,153,98,79,3,4,21701.98,Customer Changed Mind
32,20240823,523,174,350,146,8,3,12599.09,Quality Issue
33,20240627,542,178,954,116,4,2,11050.21,Quality Issue
34,20240627,545,178,954,29,4,3,6273.62,Damaged
35,20251222,555,182,313,155,12,1,4157.02,Duplicate Order
36,20240503,573,188,267,132,1,1,7561.85,Incorrect Product
37,20250430,575,189,412,74,2,2,9902.97,Quality Issue
38,20240401,586,193,462,41,2,4,12614.44,Damaged
39,20240825,588,194,517,96,11,3,12435.22,Duplicate Order
40,20250419,603,199,373,33,6,1,3066.47,Duplicate Order
41,20251110,607,201,327,91,10,6,9875.75,Duplicate Order
42,20250721,621,204,661,61,4,2,7097.91,Damaged
43,20250804,631,209,669,181,12,1,4568.98,Customer Changed Mind
44,20250518,642,213,693,49,3,3,8597.05,Damaged
45,20240417,670,221,499,49,3,2,8062.76,Incorrect Product
46,20251028,686,225,754,157,7,1,1512.8,Incorrect Product
47,20240323,692,229,195,148,3,1,1039.02,Customer Changed Mind
48,20250603,754,256,801,175,8,1,8026.28,Customer Changed Mind
49,20250607,763,258,111,132,3,2,12151.21,Duplicate Order
50,20250323,764,259,649,109,7,7,53305.56,Damaged
51,20240722,780,264,215,141,7,3,8771.24,Incorrect Product
52,20241229,796,273,310,73,11,3,17273.47,Duplicate Order
53,20240427,815,278,353,113,6,3,460.91,Damaged
54,20240427,819,278,353,123,6,2,12458.84,Customer Changed Mind
55,20240602,880,296,304,191,7,3,20035.48,Damaged
56,20250125,932,315,560,89,7,2,16429.32,Duplicate Order
57,20250702,942,320,327,36,10,2,4462.7,Damaged
58,20240707,947,321,982,84,7,1,4049.45,Duplicate Order
59,20241223,963,325,879,76,3,3,10433.69,Duplicate Order
60,20240323,1024,347,95,186,5,4,32822.86,Incorrect Product
61,20241011,1043,353,313,127,4,6,10769.57,Incorrect Product
62,20250731,1076,362,954,200,8,5,19896.51,Incorrect Product
63,20241003,1082,363,120,159,11,2,5318.35,Incorrect Product
64,20241006,1094,367,904,193,11,4,18309.02,Customer Changed Mind
65,20240404,1109,371,493,67,7,1,1146.15,Duplicate Order
66,20250608,1116,373,592,188,9,5,16367.89,Incorrect Product
67,20240621,1148,383,473,184,7,2,11682.4,Incorrect Product
68,20241123,1166,388,541,150,1,6,49859.08,Damaged
69,20250701,1169,390,803,131,9,1,3390.29,Damaged
70,20240817,1177,395,968,105,4,2,10492.65,Quality Issue
71,20250414,1181,396,355,62,2,2,924.45,Incorrect Product
72,20250512,1183,397,919,77,8,2,10229.77,Incorrect Product
73,20251102,1187,398,748,132,9,2,16528.62,Duplicate Order
74,20241222,1198,403,673,30,8,3,29842.95,Incorrect Product
75,20250325,1213,410,681,105,3,1,4404.94,Quality Issue
76,20250924,1218,411,408,189,2,5,8891.06,Duplicate Order
77,20250924,1219,411,408,70,2,5,9327.25,Incorrect Product
78,20250809,1254,423,365,138,4,4,4800.32,Duplicate Order
79,20241119,1256,424,903,78,5,1,7501.22,Incorrect Product
80,20241119,1260,424,903,143,5,4,28170.55,Incorrect Product
81,20240411,1261,425,52,109,2,4,21237.21,Damaged
82,20241122,1280,432,822,19,2,3,17080.28,Incorrect Product
83,20250421,1288,435,806,130,9,1,7405.34,Incorrect Product
84,20240112,1314,442,251,81,8,2,2114.16,Duplicate Order
85,20240112,1316,442,251,50,8,1,993.17,Customer Changed Mind
86,20250819,1332,446,276,142,12,2,8603.11,Incorrect Product
87,20250927,1345,450,509,68,6,6,6534.81,Duplicate Order
88,20240809,1380,467,184,80,4,7,43715.89,Incorrect Product
89,20250821,1386,469,86,165,7,5,27368.57,Customer Changed Mind
90,20251031,1426,484,3,67,10,1,1259.93,Incorrect Product
91,20251206,1442,488,483,70,10,1,2647.5,Damaged
92,20240822,1456,495,651,82,5,1,987.16,Quality Issue
93,20240425,1470,499,553,3,4,2,2126.0,Customer Changed Mind
94,20240610,1483,503,625,185,1,2,15833.12,Customer Changed Mind
95,20250710,1497,508,28,76,1,2,6822.11,Quality Issue
96,20250413,1505,510,557,142,8,5,18295.67,Duplicate Order
97,20240830,1516,514,240,7,10,2,288.07,Duplicate Order
98,20250603,1522,515,855,149,2,1,1537.13,Quality Issue
99,20241001,1556,525,152,170,2,2,1748.96,Customer Changed Mind
100,20250603,1559,526,511,122,8,3,13525.91,Duplicate Order
101,20241213,1567,531,261,125,2,2,15524.56,Duplicate Order
102,20250711,1581,535,791,180,7,1,1445.62,Customer Changed Mind
103,20240519,1624,550,38,184,7,6,36424.01,Incorrect Product
104,20240521,1634,552,549,63,4,1,6364.18,Customer Changed Mind
105,20240720,1639,553,660,62,1,1,467.05,Duplicate Order
106,20251121,1662,560,325,76,8,2,7462.31,Quality Issue
107,20251020,1674,564,525,132,6,1,9090.24,Customer Changed Mind
108,20240312,1677,566,134,94,6,4,6325.05,Damaged
109,20250104,1698,571,737,13,11,7,66451.98,Quality Issue
110,20250710,1703,572,922,162,9,6,13006.04,Customer Changed Mind
111,20250221,1708,573,227,119,10,2,6327.74,Quality Issue
112,20250215,1714,575,70,174,9,1,2560.22,Customer Changed Mind
113,20251229,1751,586,346,191,4,1,5758.34,Quality Issue
114,20240125,1771,593,781,40,3,3,22218.49,Customer Changed Mind
115,20250604,1782,596,785,36,9,4,9880.03,Quality Issue
116,20250919,1786,598,605,62,6,2,1207.69,Duplicate Order
117,20250919,1789,598,605,71,6,2,3875.93,Duplicate Order
118,20240101,1801,602,619,89,4,6,43585.88,Duplicate Order
119,20241016,1819,609,937,188,11,4,11918.35,Incorrect Product
120,20251120,1874,625,342,50,4,5,5839.95,Customer Changed Mind
121,20240210,1881,627,245,82,5,2,2277.12,Incorrect Product
122,20250315,1893,630,182,8,12,2,10750.78,Quality Issue
123,20250519,1903,632,800,141,1,5,9239.3,Quality Issue
124,20250130,1922,637,301,179,9,4,19527.18,Damaged
125,20250317,1931,640,334,59,11,3,6344.83,Quality Issue
126,20240923,1974,656,16,86,12,2,12404.98,Duplicate Order
127,20250525,1976,657,429,178,8,2,11548.92,Customer Changed Mind
128,20240507,2016,668,802,28,3,1,312.97,Customer Changed Mind
129,20240416,2037,675,824,173,3,1,4140.59,Quality Issue
130,20250923,2040,676,302,139,4,2,9373.09,Damaged
131,20240706,2088,693,907,139,4,2,10170.71,Quality Issue
132,20250817,2125,705,803,69,7,1,4397.52,Customer Changed Mind
133,20251101,2129,706,304,71,5,4,10875.5,Incorrect Product
134,20250118,2135,709,757,72,3,1,5218.27,Duplicate Order
135,20251109,2136,710,631,77,8,2,11796.07,Quality Issue
136,20250912,2142,711,979,23,3,1,1514.29,Duplicate Order
137,20240103,2148,714,603,166,2,3,18609.37,Customer Changed Mind
138,20240215,2159,716,977,40,9,1,7282.82,Quality Issue
139,20251213,2189,727,651,181,8,2,12389.9,Customer Changed Mind
140,20250915,2206,731,710,120,6,5,3456.14,Customer Changed Mind
141,20250820,2222,737,41,5,2,1,3636.09,Duplicate Order
142,20250813,2261,752,234,60,10,6,7309.62,Duplicate Order
143,20240522,2271,756,662,78,9,2,9760.22,Damaged
144,20240502,2282,761,278,111,4,1,4236.66,Duplicate Order
145,20240322,2292,764,540,40,3,4,24115.23,Incorrect Product
146,20241123,2322,773,777,1,9,3,13267.63,Incorrect Product
147,20250425,2350,781,635,15,2,1,5498.63,Customer Changed Mind
148,20250605,2363,785,662,174,10,2,3549.85,Incorrect Product
149,20240324,2380,790,78,109,2,3,17939.06,Incorrect Product
150,20240804,2386,793,369,41,9,3,12001.14,Duplicate Order
151,20250323,2401,797,281,1,1,3,11031.31,Customer Changed Mind
152,20250323,2404,797,281,185,1,1,8246.13,Quality Issue
153,20241029,2429,805,122,121,7,2,3977.18,Incorrect Product
154,20241029,2430,805,122,171,7,3,2807.03,Customer Changed Mind
155,20241223,2444,808,539,67,9,2,2320.07,Duplicate Order
156,20240813,2459,816,64,80,8,3,19128.92,Damaged
157,20240813,2460,816,64,188,8,4,11171.26,Incorrect Product
158,20240522,2465,819,779,176,1,4,8047.65,Quality Issue
159,20240201,2467,820,272,107,7,5,11282.93,Customer Changed Mind
160,20250906,2496,829,553,122,1,5,23654.98,Duplicate Order
161,20240615,2511,832,291,167,11,7,3539.02,Incorrect Product
162,20240412,2531,840,720,5,2,6,20579.51,Damaged
163,20240816,2537,843,506,152,6,2,9532.5,Incorrect Product
164,20250519,2550,847,801,142,11,4,20882.06,Damaged
165,20240409,2635,875,336,170,12,3,2629.38,Duplicate Order
166,20241112,2649,880,785,62,11,1,636.13,Incorrect Product
167,20250202,2669,887,129,16,9,1,2989.98,Incorrect Product
168,20240108,2678,891,816,3,6,2,2462.98,Damaged
169,20240927,2686,893,500,112,12,1,6223.96,Customer Changed Mind
170,20250314,2756,918,55,55,10,4,3914.94,Incorrect Product
171,20250728,2779,927,883,186,9,1,9034.59,Customer Changed Mind
172,20241115,2783,929,981,9,4,3,14244.26,Duplicate Order
173,20240801,2788,930,94,92,6,2,523.3,Customer Changed Mind
174,20240110,2826,942,772,123,8,5,27876.57,Damaged
175,20241113,2836,944,319,36,7,5,17671.52,Customer Changed Mind
176,20251010,2878,957,380,126,4,2,17252.46,Duplicate Order
177,20251010,2879,957,380,190,4,1,2613.11,Quality Issue
178,20251010,2882,957,380,90,4,1,1349.95,Damaged
179,20250812,2935,977,765,94,10,5,9412.49,Customer Changed Mind
180,20250626,2956,983,775,1,8,4,17440.85,Damaged
181,20250506,2987,992,330,65,1,2,4583.96,Incorrect Product
182,20250307,3002,996,192,135,4,1,4075.52,Quality Issue
183,20251007,3008,997,25,162,7,1,2323.43,Quality Issue
184,20250119,3023,1003,943,151,8,1,9166.34,Damaged
185,20250213,3056,1014,760,85,2,1,442.06,Quality Issue
186,20240720,3081,1025,122,94,7,1,1490.07,Quality Issue
187,20240720,3082,1025,122,6,7,2,6980.36,Customer Changed Mind
188,20250311,3089,1028,972,167,5,4,1814.9,Incorrect Product
189,20240401,3094,1029,917,8,10,3,21380.76,Quality Issue
190,20240829,3099,1032,97,109,1,3,20179.55,Customer Changed Mind
191,20250304,3105,1033,412,64,12,2,6220.96,Damaged
192,20250120,3133,1043,493,80,9,1,6994.47,Damaged
193,20240127,3135,1044,951,164,10,1,6115.54,Incorrect Product
194,20240429,3143,1048,665,142,10,5,23147.21,Duplicate Order
195,20250323,3158,1053,354,129,11,1,4982.04,Quality Issue
196,20250119,3171,1057,955,84,8,3,12010.57,Customer Changed Mind
197,20251128,3184,1060,783,91,2,2,4183.38,Customer Changed Mind
198,20241218,3197,1065,874,129,1,1,5365.31,Damaged
199,20251105,3199,1066,289,190,1,2,4416.09,Customer Changed Mind
200,20251105,3203,1066,289,139,1,2,13210.84,Duplicate Order
201,20250214,3215,1071,321,123,2,2,11316.39,Duplicate Order
202,20251004,3242,1081,999,164,8,4,30799.62,Duplicate Order
203,20250419,3255,1087,608,36,11,1,3028.29,Damaged
204,20240629,3264,1089,155,68,11,6,5958.42,Duplicate Order
205,20240220,3294,1102,138,200,11,1,4028.7,Incorrect Product
206,20250901,3305,1104,319,72,1,7,40916.61,Customer Changed Mind
207,20250819,3325,1111,479,114,11,6,6372.01,Incorrect Product
208,20241028,3328,1113,886,100,8,2,1300.99,Customer Changed Mind
209,20241028,3329,1113,886,32,8,6,28534.83,Duplicate Order
210,20240703,3335,1116,167,95,5,4,14048.03,Customer Changed Mind
211,20251001,3338,1117,207,40,4,5,39854.78,Damaged
212,20250327,3384,1131,236,69,2,1,3306.92,Customer Changed Mind
213,20240321,3439,1147,282,107,5,6,11747.75,Customer Changed Mind
214,20241021,3442,1148,618,26,8,3,9113.06,Customer Changed Mind
215,20241021,3443,1148,618,160,8,1,2988.94,Incorrect Product
216,20240909,3447,1149,661,176,3,2,4581.95,Customer Changed Mind
217,20240304,3460,1154,823,66,2,4,17813.41,Quality Issue
218,20250520,3471,1157,430,34,9,1,300.57,Incorrect Product
219,20240225,3514,1170,315,60,10,2,1599.59,Quality Issue
220,20240420,3518,1171,631,150,3,3,17097.58,Incorrect Product
221,20251224,3525,1173,103,32,12,4,18525.46,Damaged
222,20240828,3528,1174,902,134,1,1,4698.08,Damaged
223,20240828,3531,1174,902,27,1,4,15010.92,Quality Issue
224,20240106,3538,1178,734,96,12,3,13886.31,Duplicate Order
225,20250310,3540,1179,272,17,5,3,9150.06,Customer Changed Mind
226,20250511,3577,1194,12,170,3,1,892.39,Customer Changed Mind
227,20250212,3608,1204,178,152,12,1,4972.08,Incorrect Product
228,20240122,3614,1207,612,84,5,4,14260.13,Damaged
229,20240122,3615,1207,612,118,5,3,21873.34,Customer Changed Mind
230,20251116,3637,1214,720,38,4,2,14350.36,Damaged
231,20240123,3643,1217,204,28,10,3,1280.87,Duplicate Order
232,20241011,3692,1235,815,109,12,3,23734.76,Duplicate Order
233,20241208,3723,1247,905,198,11,2,10029.46,Damaged
234,20240811,3786,1275,240,82,10,5,4038.41,Quality Issue
235,20240601,3797,1278,65,41,5,1,3518.86,Customer Changed Mind
236,20250608,3847,1294,957,175,5,3,29392.56,Quality Issue
237,20240905,3856,1297,287,90,5,1,1377.76,Quality Issue
238,20241013,3861,1298,749,165,10,1,7426.15,Damaged
239,20250916,3870,1300,448,153,10,2,466.6,Customer Changed Mind
240,20241029,3875,1302,661,85,10,1,472.67,Incorrect Product
241,20251210,3879,1303,914,157,1,1,1347.12,Incorrect Product
242,20250416,3892,1308,84,19,1,2,7457.92,Incorrect Product
243,20240122,3900,1311,881,157,5,3,3977.08,Quality Issue
244,20240122,3904,1311,881,61,5,3,12672.53,Damaged
245,20250626,3911,1313,818,124,12,1,4028.51,Damaged
246,20241205,3924,1319,817,63,2,2,19535.23,Duplicate Order
247,20251102,3957,1330,527,22,7,3,14531.94,Duplicate Order
248,20250115,3985,1342,182,14,2,3,9117.87,Damaged
249,20240321,3999,1346,948,183,4,1,5842.22,Quality Issue
250,20251225,4011,1351,571,179,11,6,27169.51,Duplicate Order
251,20241112,4017,1352,995,136,3,2,5891.69,Duplicate Order
252,20240320,4024,1354,802,75,11,4,29138.89,Incorrect Product
253,20241003,4037,1357,764,45,3,1,5659.38,Customer Changed Mind
254,20250904,4042,1358,626,12,9,1,2691.72,Customer Changed Mind
255,20250320,4089,1373,692,1,11,1,3595.95,Duplicate Order
256,20241216,4144,1394,465,1,4,6,26138.19,Quality Issue
257,20240627,4156,1399,605,78,9,7,39196.25,Customer Changed Mind
258,20240724,4180,1405,652,159,12,2,5037.96,Incorrect Product
259,20251011,4253,1427,452,23,4,3,5515.51,Damaged
260,20250921,4270,1434,165,170,1,1,797.09,Quality Issue
261,20240812,4291,1440,29,123,4,1,5282.37,Quality Issue
262,20240812,4311,1446,455,124,7,4,17194.92,Customer Changed Mind
263,20240812,4313,1446,455,101,7,3,16447.88,Incorrect Product
264,20251011,4318,1447,176,43,5,1,5152.41,Duplicate Order
265,20240823,4323,1450,669,142,10,2,8522.87,Customer Changed Mind
266,20240823,4325,1450,669,190,10,2,3528.25,Quality Issue
267,20241009,4331,1452,486,91,5,2,3166.37,Duplicate Order
268,20250822,4335,1454,75,199,4,1,5128.22,Customer Changed Mind
269,20250616,4345,1457,297,18,4,5,11141.47,Quality Issue
270,20240423,4353,1459,664,155,5,3,11848.23,Quality Issue
271,20250713,4357,1462,209,153,8,1,254.92,Damaged
272,20250801,4364,1464,701,117,11,1,1846.78,Customer Changed Mind
273,20250801,4367,1464,701,49,11,5,14733.69,Damaged
274,20241020,4372,1466,697,168,1,4,9496.31,Quality Issue
275,20250629,4409,1477,147,69,7,6,22969.68,Customer Changed Mind
276,20240202,4450,1490,950,181,6,2,12005.12,Customer Changed Mind
277,20240815,4473,1497,529,37,5,1,1922.22,Incorrect Product
278,20240728,4491,1502,695,16,1,1,2188.76,Customer Changed Mind
279,20240104,4504,1505,71,16,9,5,13612.75,Incorrect Product
280,20250718,4527,1511,355,31,4,2,13719.99,Duplicate Order
281,20240103,4532,1512,255,123,3,7,37092.69,Damaged
282,20240629,4544,1516,697,40,2,6,41679.8,Damaged
283,20250424,4567,1522,842,141,8,1,2117.42,Incorrect Product
284,20250424,4569,1522,842,130,8,3,18388.51,Customer Changed Mind
285,20240827,4575,1524,531,127,2,1,1548.19,Damaged
286,20251012,4590,1528,927,72,6,3,17829.27,Damaged
287,20241118,4606,1533,35,172,4,3,13840.73,Quality Issue
288,20240924,4608,1534,205,65,6,3,5854.92,Customer Changed Mind
289,20240721,4636,1544,953,73,2,2,10239.13,Customer Changed Mind
290,20240418,4644,1547,843,65,6,2,5002.88,Damaged
291,20240531,4662,1555,129,177,2,3,22783.0,Quality Issue
292,20250506,4670,1556,301,93,10,1,475.26,Damaged
293,20250313,4698,1566,338,171,11,3,2119.82,Damaged
294,20241211,4708,1569,634,172,4,1,4069.79,Incorrect Product
295,20240810,4714,1571,927,7,6,1,151.85,Quality Issue
296,20240810,4717,1571,927,160,6,3,9283.24,Quality Issue
297,20240123,4756,1584,366,92,9,1,311.17,Customer Changed Mind
298,20240805,4812,1602,230,155,10,1,3182.4,Customer Changed Mind
299,20250129,4830,1607,605,119,3,1,2828.49,Incorrect Product
300,20241031,4859,1616,888,77,4,2,10634.09,Incorrect Product
301,20240211,4866,1620,960,69,1,3,10702.15,Quality Issue
302,20240604,4875,1622,181,97,1,3,9361.56,Damaged
303,20251030,4881,1623,36,132,2,3,22503.94,Duplicate Order
304,20240603,4921,1634,607,57,9,2,6105.13,Quality Issue
305,20240920,4941,1642,792,6,10,4,11659.26,Duplicate Order
306,20250727,4964,1651,909,112,2,5,28464.53,Duplicate Order
307,20251003,4986,1659,123,92,4,1,334.94,Quality Issue
308,20240208,4990,1660,934,63,1,1,7855.67,Customer Changed Mind
309,20251225,5002,1665,480,95,4,2,10666.84,Quality Issue
310,20240911,5024,1674,596,131,4,1,4020.27,Duplicate Order
311,20251127,5031,1676,799,130,10,7,50646.14,Quality Issue
312,20240913,5042,1679,450,84,8,4,17046.63,Quality Issue
313,20250131,5074,1688,781,105,1,1,4219.27,Duplicate Order
314,20240204,5100,1696,255,88,9,1,4286.28,Incorrect Product
315,20250607,5161,1721,705,60,12,1,890.94,Customer Changed Mind
316,20250914,5183,1730,707,156,8,4,13170.76,Damaged
317,20250914,5184,1730,707,95,8,1,4300.38,Damaged
318,20250509,5223,1745,646,130,6,5,32598.69,Duplicate Order
319,20250723,5238,1751,879,49,1,3,9990.75,Customer Changed Mind
320,20250723,5242,1751,879,45,1,1,5433.74,Customer Changed Mind
321,20250613,5303,1776,495,13,4,3,28003.16,Quality Issue
322,20250613,5304,1776,495,54,4,3,10156.34,Quality Issue
323,20241118,5319,1780,953,152,5,2,12036.62,Incorrect Product
324,20240603,5328,1782,550,130,2,1,5427.52,Duplicate Order
325,20241204,5331,1783,682,115,8,2,12686.24,Damaged
326,20250108,5351,1788,15,88,11,2,6672.0,Quality Issue
327,20240111,5353,1789,465,149,10,2,2666.58,Customer Changed Mind
328,20250608,5362,1792,337,96,11,7,26757.87,Duplicate Order
329,20250921,5373,1795,962,69,1,1,4312.8,Customer Changed Mind
330,20250711,5378,1797,553,113,12,3,427.85,Duplicate Order
331,20240420,5451,1821,287,65,3,2,5687.35,Duplicate Order
332,20240903,5501,1836,175,154,8,1,2219.43,Customer Changed Mind
333,20250428,5536,1847,448,73,1,1,5590.04,Damaged
334,20250802,5543,1850,274,30,4,1,7371.41,Damaged
335,20241225,5549,1852,126,166,5,3,21033.34,Duplicate Order
336,20251108,5612,1877,325,51,9,1,4043.73,Customer Changed Mind
337,20240912,5615,1878,44,37,10,1,1717.88,Customer Changed Mind
338,20240107,5633,1885,648,112,12,1,5104.54,Quality Issue
339,20240107,5637,1885,648,96,12,2,8766.54,Customer Changed Mind
340,20240327,5656,1891,756,11,10,1,6391.04,Incorrect Product
341,20250422,5657,1892,426,180,1,7,15620.89,Quality Issue
342,20240112,5685,1899,955,1,8,2,10214.37,Quality Issue
343,20240531,5701,1904,704,185,7,5,31156.34,Quality Issue
344,20251004,5758,1925,587,187,9,1,6685.4,Damaged
345,20250610,5773,1929,420,30,5,2,13869.22,Damaged
346,20241110,5776,1930,83,179,7,1,5462.08,Incorrect Product
347,20241110,5777,1930,83,76,7,3,10730.55,Damaged
348,20240814,5782,1931,492,189,4,1,1958.65,Quality Issue
349,20240227,5792,1935,626,56,9,7,39197.63,Duplicate Order
350,20250407,5810,1941,720,196,11,1,2591.15,Damaged
351,20240123,5831,1948,610,94,11,5,10313.92,Quality Issue
352,20250612,5841,1950,142,178,6,3,17831.09,Quality Issue
353,20250202,5847,1952,497,192,3,6,28433.36,Customer Changed Mind
354,20250202,5848,1952,497,122,3,5,21453.3,Duplicate Order
355,20250409,5873,1959,101,9,9,2,7453.95,Duplicate Order
356,20250409,5875,1959,101,160,9,4,10742.63,Incorrect Product
357,20250409,5877,1959,101,180,9,2,3730.05,Quality Issue
358,20250727,5891,1965,251,102,8,1,6878.89,Customer Changed Mind
359,20240731,5913,1970,746,113,5,6,1304.32,Quality Issue
360,20250804,5929,1978,501,164,7,1,7606.24,Quality Issue
361,20240725,5936,1980,101,46,12,1,431.37,Quality Issue
362,20250414,5944,1984,676,94,8,5,7720.78,Incorrect Product
363,20250110,5949,1985,132,176,1,3,8063.21,Customer Changed Mind
364,20240131,5959,1989,391,78,7,1,5786.37,Quality Issue
365,20251012,5966,1991,371,25,8,3,6772.16,Quality Issue
366,20250106,5971,1992,41,200,1,1,3878.26,Incorrect Product
367,20250530,5981,1996,825,115,9,4,20926.47,Duplicate Order
368,20240223,5998,1999,176,186,1,2,13451.08,Duplicate Order
369,20250105,6013,2003,924,86,10,1,6691.28,Quality Issue
370,20240925,6024,2006,277,182,11,1,2642.14,Duplicate Order
371,20241120,6037,2009,659,152,8,2,13085.49,Incorrect Product
372,20251010,6083,2025,357,149,12,1,1465.03,Damaged
373,20250509,6089,2026,886,48,8,1,6337.0,Quality Issue
374,20240106,6092,2027,264,138,6,2,2609.91,Incorrect Product
375,20250216,6109,2034,419,169,9,1,3120.99,Incorrect Product
376,20240104,6117,2035,671,108,7,1,7188.03,Quality Issue
377,20250329,6124,2038,407,45,12,1,5557.9,Damaged
378,20241207,6133,2040,278,55,10,1,1165.99,Damaged
379,20240927,6137,2042,370,39,11,3,14703.19,Duplicate Order
380,20250820,6155,2047,973,49,3,1,3612.88,Quality Issue
381,20250820,6156,2047,973,130,3,1,6764.66,Incorrect Product
382,20250608,6197,2062,999,129,12,4,17536.66,Incorrect Product
383,20241207,6203,2065,916,61,2,5,24339.99,Duplicate Order
384,20240614,6222,2071,573,160,2,4,9324.79,Incorrect Product
385,20240304,6239,2075,615,182,9,1,3288.98,Customer Changed Mind
386,20250117,6271,2088,982,48,12,2,12155.74,Incorrect Product
387,20250708,6336,2105,919,61,8,1,4088.99,Damaged
388,20250530,6338,2106,817,122,12,2,6330.9,Duplicate Order
389,20240311,6359,2113,589,144,9,2,15118.81,Quality Issue
390,20250817,6364,2114,305,50,3,5,6687.35,Quality Issue
391,20241201,6368,2115,11,115,12,5,36688.42,Duplicate Order
392,20240810,6428,2132,655,182,6,4,15295.71,Quality Issue
393,20250630,6491,2155,360,154,4,6,11885.83,Incorrect Product
394,20240310,6500,2159,98,10,6,3,7334.4,Duplicate Order
395,20251027,6503,2160,22,73,11,2,11881.27,Damaged
396,20250107,6518,2166,833,180,8,7,11430.54,Damaged
397,20250529,6522,2167,707,44,11,1,6959.87,Damaged
398,20240907,6537,2174,461,89,11,4,37893.07,Duplicate Order
399,20240309,6553,2180,379,174,11,1,1947.94,Damaged
400,20240309,6555,2180,379,88,11,1,3010.48,Quality Issue
401,20240515,6564,2184,904,38,10,6,45130.2,Quality Issue
402,20250320,6581,2188,828,149,9,2,2567.54,Customer Changed Mind
403,20250702,6629,2207,949,162,7,1,1897.03,Duplicate Order
404,20250309,6639,2212,716,21,6,1,2908.6,Duplicate Order
405,20250309,6640,2212,716,31,6,3,19429.59,Duplicate Order
406,20250522,6682,2226,147,62,5,1,613.46,Damaged
407,20240902,6702,2231,761,24,12,1,4186.99,Customer Changed Mind
408,20241105,6705,2233,198,124,7,2,7692.95,Duplicate Order
409,20241230,6708,2234,695,176,7,2,5136.9,Damaged
410,20240517,6715,2237,723,187,12,1,6132.25,Customer Changed Mind
411,20250608,6741,2247,189,177,5,1,8236.9,Incorrect Product
412,20240523,6745,2248,948,27,9,4,12848.0,Quality Issue
413,20250402,6752,2251,878,196,5,1,2335.38,Duplicate Order
414,20250402,6753,2251,878,166,5,5,28157.55,Damaged
415,20250228,6803,2266,567,163,7,1,7333.26,Quality Issue
416,20241113,6821,2273,358,146,11,4,27275.66,Duplicate Order
417,20241210,6837,2279,467,101,2,6,34595.72,Duplicate Order
418,20251217,6846,2282,461,70,2,1,2333.31,Duplicate Order
419,20250610,6859,2285,501,6,6,4,12980.21,Incorrect Product
420,20240622,6873,2290,110,199,4,3,15794.46,Incorrect Product
421,20250609,6896,2297,139,44,8,2,17989.6,Incorrect Product
422,20240406,6903,2299,474,101,1,2,9511.21,Incorrect Product
423,20240808,6927,2309,530,175,8,4,27681.09,Quality Issue
424,20241228,6942,2314,283,10,9,1,2808.3,Duplicate Order
425,20240626,6952,2319,598,120,6,3,1776.96,Damaged
426,20250323,6954,2320,116,160,1,1,2128.84,Incorrect Product
427,20240611,7020,2342,852,109,10,2,12853.5,Customer Changed Mind
428,20241031,7028,2345,236,8,6,2,12901.22,Customer Changed Mind
429,20240704,7045,2351,258,186,2,1,7472.86,Damaged
430,20240704,7047,2351,258,125,2,2,14129.78,Incorrect Product
431,20250525,7055,2355,838,51,3,2,7261.58,Quality Issue
432,20241216,7067,2358,75,176,11,6,13955.95,Quality Issue
433,20251023,7070,2360,38,103,5,4,29258.34,Quality Issue
434,20250108,7079,2362,574,118,8,1,6465.86,Duplicate Order
435,20250424,7113,2373,842,115,1,1,5094.91,Duplicate Order
436,20240906,7183,2395,964,15,9,3,15106.29,Damaged
437,20240301,7193,2399,349,56,4,2,10356.44,Customer Changed Mind
438,20250608,7197,2400,479,120,3,1,657.38,Incorrect Product
439,20241015,7257,2418,258,105,3,1,5451.0,Incorrect Product
440,20240601,7289,2429,339,1,1,1,4713.8,Quality Issue
441,20240327,7290,2430,978,161,8,4,23763.53,Incorrect Product
442,20240805,7397,2473,313,98,9,5,4007.94,Incorrect Product
443,20250129,7398,2474,725,32,11,2,8490.78,Quality Issue
444,20240421,7408,2477,167,86,6,1,7132.34,Incorrect Product
445,20240223,7411,2478,798,136,8,2,4655.42,Customer Changed Mind
446,20250506,7414,2479,841,177,10,2,13278.69,Damaged
447,20240609,7443,2490,513,36,5,2,4410.24,Incorrect Product
448,20240803,7486,2502,332,129,4,1,4386.7,Incorrect Product
449,20250114,7541,2520,856,134,11,3,12650.31,Damaged
450,20250926,7584,2533,351,69,3,1,3189.92,Customer Changed Mind
451,20250926,7585,2533,351,139,3,1,5701.53,Incorrect Product
452,20241022,7624,2547,483,134,3,2,12750.25,Customer Changed Mind
453,20251229,7638,2550,7,175,3,1,10252.15,Damaged
454,20250403,7676,2564,159,59,5,1,3108.03,Damaged
455,20240401,7700,2573,141,137,4,1,1443.08,Incorrect Product
456,20250102,7705,2574,981,36,1,1,2261.5,Damaged
457,20250917,7710,2576,809,152,1,2,12497.51,Damaged
458,20240208,7740,2587,112,110,9,1,106.36,Damaged
459,20250519,7761,2596,290,147,6,3,2082.89,Incorrect Product
460,20250608,7800,2609,862,121,2,4,7970.67,Damaged
461,20250411,7834,2623,747,184,4,1,6078.63,Incorrect Product
462,20240124,7856,2631,210,101,4,2,10116.1,Damaged
463,20250605,7864,2633,465,46,10,1,304.8,Quality Issue
464,20240115,7868,2634,740,49,7,1,3527.83,Duplicate Order
465,20241201,7893,2640,529,72,6,2,13088.3,Duplicate Order
466,20251228,7911,2646,112,179,9,1,4853.06,Customer Changed Mind
467,20240403,7931,2651,259,94,4,2,2631.78,Damaged
468,20240403,7967,2664,610,6,12,3,10853.77,Duplicate Order
469,20241223,7979,2669,12,29,9,1,2614.09,Quality Issue
470,20250421,7991,2673,855,105,8,2,7964.29,Incorrect Product
471,20240220,8004,2678,511,86,4,1,8053.33,Quality Issue
472,20251123,8006,2679,787,91,1,2,2986.94,Incorrect Product
473,20240621,8008,2681,707,38,4,3,18665.81,Incorrect Product
474,20251021,8030,2689,744,70,8,2,5143.49,Incorrect Product
475,20240309,8070,2707,923,177,11,2,16165.97,Customer Changed Mind
476,20240121,8075,2709,919,43,9,2,11497.35,Incorrect Product
477,20241124,8109,2718,644,152,3,3,14683.0,Incorrect Product
478,20250628,8110,2719,556,130,5,2,12540.67,Damaged
479,20240520,8170,2737,163,34,5,1,272.32,Duplicate Order
480,20250630,8199,2745,759,135,3,1,3745.58,Customer Changed Mind
481,20240901,8202,2746,394,179,1,4,17665.29,Quality Issue
482,20240508,8229,2756,194,71,8,4,10494.69,Damaged
483,20250812,8280,2775,332,162,7,1,2240.91,Customer Changed Mind
484,20250402,8290,2779,874,55,3,2,1817.92,Duplicate Order
485,20250608,8309,2790,76,49,9,2,7579.21,Customer Changed Mind
486,20241103,8314,2791,919,81,6,2,3434.54,Customer Changed Mind
487,20251214,8328,2797,693,165,9,3,20837.48,Duplicate Order
488,20250807,8336,2800,556,39,12,1,3997.89,Damaged
489,20240123,8375,2814,253,196,9,6,11817.25,Incorrect Product
490,20250102,8382,2817,941,164,4,1,5517.29,Customer Changed Mind
491,20240725,8407,2826,320,2,9,3,20941.67,Damaged
492,20250531,8428,2831,106,38,5,3,20331.64,Quality Issue
493,20240131,8484,2852,896,168,10,4,8539.85,Incorrect Product
494,20241022,8493,2854,676,186,10,1,10125.92,Damaged
495,20250526,8511,2860,39,43,5,3,14515.01,Incorrect Product
496,20240106,8514,2862,612,96,1,3,9125.07,Duplicate Order
497,20240130,8534,2869,664,68,9,2,2594.52,Customer Changed Mind
498,20251017,8536,2870,518,128,8,2,841.69,Duplicate Order
499,20240607,8553,2876,28,13,6,3,27750.61,Duplicate Order
500,20240522,8579,2885,37,100,3,1,429.35,Customer Changed Mind
501,20241027,8597,2891,900,5,4,4,15096.74,Incorrect Product
502,20250306,8614,2896,437,193,2,2,6761.27,Quality Issue
503,20250306,8616,2896,437,64,2,7,19136.61,Customer Changed Mind
504,20250517,8622,2900,491,2,7,3,20204.78,Quality Issue
505,20240109,8652,2910,133,151,6,2,20283.58,Damaged
506,20241012,8660,2913,296,154,5,4,10179.88,Customer Changed Mind
507,20241012,8661,2913,296,48,5,5,32216.14,Duplicate Order
508,20240111,8681,2919,206,156,10,2,8010.23,Damaged
509,20240724,8713,2929,369,93,7,1,562.78,Quality Issue
510,20240103,8717,2930,920,106,3,1,3724.88,Quality Issue
511,20250306,8746,2941,611,192,1,1,4191.08,Quality Issue
512,20250625,8794,2956,14,136,5,2,5026.03,Quality Issue
513,20240315,8818,2962,275,9,2,1,3070.26,Duplicate Order
514,20240315,8821,2962,275,113,2,1,157.97,Incorrect Product
515,20240219,8830,2966,131,174,8,1,1874.1,Customer Changed Mind
516,20250301,8872,2979,411,121,4,2,4299.61,Damaged
517,20240403,8883,2982,305,119,12,1,2348.27,Incorrect Product
518,20250617,8905,2990,815,146,2,2,8611.87,Damaged
519,20251125,8911,2992,165,28,12,3,1224.47,Damaged
520,20250616,8932,2997,775,194,8,1,7432.04,Customer Changed Mind
521,20250831,8942,3000,407,112,10,1,4839.35,Customer Changed Mind
522,20251231,8955,3003,619,166,4,4,20134.98,Incorrect Product
523,20251231,8956,3003,619,11,4,1,5851.16,Damaged
524,20251231,8957,3003,619,197,4,5,27649.25,Quality Issue
525,20250112,8987,3015,788,157,5,1,1320.7,Duplicate Order
526,20251227,9020,3029,259,4,8,2,2528.58,Quality Issue
527,20250628,9026,3030,873,24,3,2,8208.29,Damaged
528,20241107,9090,3053,936,135,2,1,4328.08,Duplicate Order
529,20251201,9109,3061,17,44,7,1,7353.85,Incorrect Product
530,20250116,9113,3062,216,164,12,1,7522.65,Incorrect Product
531,20250721,9114,3063,894,15,2,1,4525.31,Customer Changed Mind
532,20241210,9126,3068,286,150,10,3,19145.65,Damaged
533,20240318,9129,3069,475,65,6,3,8353.37,Damaged
534,20250102,9138,3073,591,135,5,1,4812.15,Duplicate Order
535,20250825,9150,3077,992,59,1,1,3004.35,Duplicate Order
536,20250301,9162,3080,787,1,8,3,11865.0,Customer Changed Mind
537,20250709,9176,3084,330,138,2,2,2846.17,Incorrect Product
538,20240511,9198,3094,794,129,1,4,17303.38,Duplicate Order
539,20250911,9217,3099,892,24,11,3,16318.19,Quality Issue
540,20250911,9218,3099,892,67,11,2,2198.82,Incorrect Product
541,20250911,9219,3099,892,23,11,4,5890.5,Duplicate Order
542,20250806,9225,3102,134,129,12,1,4584.92,Duplicate Order
543,20250723,9228,3103,511,63,11,1,7012.43,Quality Issue
544,20240115,9236,3106,532,10,12,1,2108.62,Duplicate Order
545,20251023,9253,3111,331,55,6,3,3468.96,Incorrect Product
546,20241001,9274,3116,894,25,11,2,4725.14,Customer Changed Mind
547,20251001,9280,3118,452,15,2,1,7481.4,Customer Changed Mind
548,20250125,9323,3134,268,150,4,1,4846.54,Duplicate Order
549,20251117,9325,3135,854,14,8,2,8531.31,Quality Issue
550,20251117,9326,3135,854,22,8,4,24215.52,Damaged
551,20240111,9331,3136,140,193,7,1,3851.12,Incorrect Product
552,20240729,9348,3141,114,196,5,2,5955.86,Duplicate Order
553,20250308,9373,3150,724,63,10,1,7066.99,Customer Changed Mind
554,20250308,9374,3150,724,93,10,1,698.42,Customer Changed Mind
555,20241004,9381,3152,995,105,8,2,10200.98,Damaged
556,20250201,9382,3153,588,129,4,1,5899.5,Duplicate Order
557,20250219,9387,3155,702,178,2,1,5792.49,Incorrect Product
558,20240414,9394,3157,936,43,9,1,3696.79,Quality Issue
559,20240122,9404,3160,154,68,4,1,804.82,Duplicate Order
560,20250811,9411,3163,819,120,1,1,807.79,Incorrect Product
561,20250811,9412,3163,819,105,1,2,8140.49,Quality Issue
562,20240314,9427,3167,116,161,7,2,12425.28,Quality Issue
563,20250218,9443,3172,596,54,8,2,5868.15,Incorrect Product
564,20250811,9449,3173,913,132,7,2,14265.89,Incorrect Product
565,20240422,9486,3185,541,84,8,2,8213.24,Quality Issue
566,20241223,9509,3196,383,159,9,5,13896.72,Duplicate Order
567,20250318,9532,3205,815,97,2,4,12270.06,Damaged
568,20250422,9535,3206,981,46,8,2,634.98,Customer Changed Mind
569,20251019,9537,3207,509,97,4,2,8004.67,Quality Issue
570,20250506,9561,3215,722,152,11,1,5691.82,Incorrect Product
571,20250506,9565,3215,722,196,11,1,3020.5,Customer Changed Mind
572,20241103,9588,3222,916,144,9,2,21305.34,Incorrect Product
573,20241103,9589,3222,916,10,9,2,5807.33,Customer Changed Mind
574,20240420,9614,3232,734,159,8,3,7654.64,Damaged
575,20250426,9624,3236,394,57,6,6,21580.07,Quality Issue
576,20251024,9649,3242,761,89,3,4,45636.79,Incorrect Product
577,20240722,9655,3244,969,18,12,1,10062.19,Customer Changed Mind
578,20251019,9687,3255,335,90,3,1,1624.65,Damaged
579,20251210,9704,3260,950,199,4,3,18936.35,Damaged
580,20241018,9732,3269,429,28,8,1,416.93,Customer Changed Mind
581,20240322,9745,3276,465,143,7,1,5470.61,Incorrect Product
582,20240322,9746,3276,465,196,7,3,7793.44,Incorrect Product
583,20241216,9804,3294,946,14,8,4,13731.34,Incorrect Product
584,20241201,9860,3311,369,140,7,1,986.24,Quality Issue
585,20241027,9876,3314,798,20,12,2,4182.73,Damaged
586,20250920,9879,3315,752,14,6,1,3709.03,Damaged
587,20240517,9883,3316,471,153,12,2,548.27,Damaged
588,20250722,9909,3323,872,84,6,6,26298.95,Damaged
589,20250924,9944,3335,925,116,1,3,18731.97,Quality Issue
590,20250719,9980,3346,46,23,6,1,1846.87,Customer Changed Mind
591,20250620,9993,3350,125,89,3,6,69531.79,Customer Changed Mind
592,20250918,10046,3367,218,75,12,4,34566.22,Customer Changed Mind
593,20250101,10057,3369,392,165,4,2,11572.81,Incorrect Product
594,20240314,10087,3379,778,69,6,2,9025.83,Damaged
595,20251224,10110,3386,142,110,6,2,262.26,Quality Issue
596,20241203,10145,3399,949,135,5,3,16968.14,Customer Changed Mind
597,20240221,10157,3402,511,26,12,2,7610.45,Quality Issue
598,20241214,10158,3403,954,124,1,1,4003.5,Duplicate Order
599,20250921,10194,3413,558,155,7,3,9153.37,Incorrect Product
600,20240118,10206,3418,404,91,3,7,9398.99,Customer Changed Mind
601,20251224,10220,3422,983,185,11,5,54519.09,Customer Changed Mind
602,20251230,10222,3423,788,179,4,3,12461.48,Damaged
603,20240313,10241,3429,245,103,4,4,26184.68,Quality Issue
604,20250408,10268,3437,675,195,5,2,16012.54,Incorrect Product
605,20250101,10285,3441,649,117,9,2,4567.93,Customer Changed Mind
606,20240304,10290,3443,788,54,9,1,3791.86,Duplicate Order
607,20251002,10295,3444,249,34,4,1,308.94,Duplicate Order
608,20250826,10296,3445,514,88,9,1,3471.62,Customer Changed Mind
609,20250907,10309,3451,683,1,3,4,19006.98,Incorrect Product
610,20251101,10324,3455,945,106,11,2,8027.95,Damaged
611,20250307,10336,3459,51,75,9,5,35984.49,Quality Issue
612,20250429,10347,3463,355,193,4,1,2987.84,Duplicate Order
613,20251122,10355,3465,611,13,9,2,24067.02,Customer Changed Mind
614,20250628,10361,3467,638,117,4,1,2390.24,Quality Issue
615,20250716,10378,3472,376,137,10,2,2782.97,Damaged
616,20251029,10387,3476,287,22,12,2,11294.6,Customer Changed Mind
617,20240223,10388,3477,846,186,6,1,7913.36,Quality Issue
618,20250415,10394,3478,516,8,8,3,16899.78,Incorrect Product
619,20250929,10410,3483,441,121,11,2,3568.67,Customer Changed Mind
620,20250927,10447,3493,798,30,6,2,14879.2,Duplicate Order
621,20241017,10471,3500,969,156,1,2,7210.38,Quality Issue
622,20240318,10531,3519,459,90,12,1,1606.94,Quality Issue
623,20250815,10558,3529,885,168,1,1,2258.61,Incorrect Product
624,20240824,10563,3530,284,168,10,5,10083.24,Quality Issue
625,20240824,10565,3530,284,134,10,1,4636.96,Incorrect Product
626,20240409,10575,3534,420,65,9,1,1896.5,Customer Changed Mind
627,20250418,10600,3543,523,188,12,1,3231.4,Damaged
628,20250411,10611,3546,589,61,12,3,11819.42,Customer Changed Mind
629,20240420,10661,3563,207,139,7,2,11305.72,Incorrect Product
630,20250519,10709,3576,190,43,1,2,10480.92,Quality Issue
631,20240508,10717,3578,593,65,10,3,6728.13,Duplicate Order
632,20241204,10772,3600,122,135,1,3,13645.09,Duplicate Order
633,20241024,10814,3613,317,40,9,4,42349.24,Quality Issue
634,20241024,10815,3613,317,144,9,3,32412.23,Incorrect Product
635,20240322,10823,3615,4,122,2,6,28303.78,Customer Changed Mind
636,20240730,10836,3621,680,170,3,3,2861.69,Duplicate Order
637,20251031,10848,3624,635,33,11,4,16633.82,Incorrect Product
638,20250413,10877,3633,596,111,11,2,11235.46,Quality Issue
639,20250413,10878,3633,596,24,11,1,4061.85,Duplicate Order
640,20240905,10887,3636,231,73,4,1,5744.18,Incorrect Product
641,20240905,10889,3636,231,115,4,7,40074.25,Damaged
642,20250521,10900,3639,589,115,9,1,5461.71,Quality Issue
643,20241124,10909,3643,499,122,1,3,13094.02,Damaged
644,20240126,10917,3646,354,69,7,2,5763.72,Incorrect Product
645,20240322,10944,3654,608,7,5,3,457.69,Customer Changed Mind
646,20241025,10950,3655,478,50,2,1,1122.35,Duplicate Order
647,20250730,10959,3659,922,148,8,2,2074.57,Damaged
648,20250608,10966,3661,760,146,10,6,28224.91,Damaged
649,20250719,11019,3679,298,47,12,6,18203.65,Duplicate Order
650,20241210,11027,3682,645,14,5,2,5768.8,Quality Issue
651,20240627,11038,3684,515,156,11,3,9453.82,Damaged
652,20241019,11052,3690,158,115,11,2,12697.92,Quality Issue
653,20240805,11128,3712,865,179,10,1,5211.96,Customer Changed Mind
654,20240502,11147,3718,874,115,11,1,5404.99,Damaged
655,20240710,11165,3725,558,112,1,4,21129.11,Duplicate Order
656,20250715,11237,3751,788,44,8,5,27405.16,Duplicate Order
657,20250715,11238,3751,788,116,8,2,9130.19,Duplicate Order
658,20240213,11263,3757,459,197,8,1,5092.46,Incorrect Product
659,20241021,11280,3763,349,73,8,2,9585.09,Incorrect Product
660,20240331,11285,3765,257,37,7,3,5998.35,Quality Issue
661,20250629,11304,3772,70,47,2,2,5922.67,Incorrect Product
662,20240910,11318,3777,509,144,10,1,10230.58,Incorrect Product
663,20250411,11327,3780,10,149,3,2,2956.69,Customer Changed Mind
664,20250411,11329,3780,10,78,3,4,22852.33,Quality Issue
665,20240613,11340,3784,606,166,12,1,5494.13,Duplicate Order
666,20241128,11342,3785,422,171,4,7,5398.65,Customer Changed Mind
667,20241128,11343,3785,422,116,4,1,6023.68,Customer Changed Mind
668,20250122,11391,3804,868,7,8,4,729.77,Incorrect Product
669,20240604,11412,3811,809,13,12,3,30292.27,Incorrect Product
670,20241212,11414,3813,61,189,12,1,2581.04,Customer Changed Mind
671,20251224,11425,3816,326,54,4,1,4904.86,Incorrect Product
672,20250127,11469,3833,105,199,7,6,29765.17,Incorrect Product
673,20250415,11491,3842,11,93,11,2,1082.25,Quality Issue
674,20240224,11527,3852,622,107,2,1,1903.72,Customer Changed Mind
675,20250717,11546,3859,571,157,8,1,1357.98,Customer Changed Mind
676,20250424,11548,3860,29,22,2,2,10261.56,Quality Issue
677,20250424,11550,3860,29,69,2,4,13764.45,Quality Issue
678,20240813,11557,3862,58,42,8,1,5459.05,Damaged
679,20251105,11567,3865,72,124,10,1,5086.55,Quality Issue
680,20251207,11584,3870,901,79,7,2,12606.24,Incorrect Product
681,20250926,11591,3872,174,152,10,6,30721.82,Customer Changed Mind
682,20240410,11607,3878,360,69,11,4,16683.17,Quality Issue
683,20240410,11614,3879,129,195,4,1,9082.83,Customer Changed Mind
684,20250515,11615,3880,529,95,5,4,17107.5,Duplicate Order
685,20250819,11628,3883,692,32,5,6,26842.17,Incorrect Product
686,20240719,11636,3886,995,31,11,3,28021.71,Damaged
687,20241216,11654,3896,399,177,11,2,17643.16,Incorrect Product
688,20250211,11662,3899,761,194,11,3,20396.68,Customer Changed Mind
689,20241115,11674,3902,265,115,3,2,10739.23,Damaged
690,20250617,11701,3912,912,48,6,3,23255.5,Incorrect Product
691,20250617,11712,3915,422,83,11,1,1244.46,Customer Changed Mind
692,20250113,11727,3922,707,58,3,1,10282.72,Quality Issue
693,20251118,11749,3928,909,97,10,1,3001.94,Duplicate Order
694,20241108,11758,3930,508,124,12,2,11007.14,Duplicate Order
695,20240610,11771,3933,321,102,11,1,5296.92,Customer Changed Mind
696,20251231,11777,3937,986,24,5,5,22374.99,Customer Changed Mind
697,20251212,11825,3955,989,140,4,1,1108.47,Incorrect Product
698,20251212,11826,3955,989,135,4,4,20170.71,Incorrect Product
699,20251004,11909,3982,569,35,5,3,4984.12,Damaged
700,20241015,11936,3990,2,83,1,1,1350.63,Incorrect Product
701,20240105,11937,3991,870,106,2,2,7206.19,Duplicate Order
702,20240327,11953,3995,481,92,4,1,270.64,Customer Changed Mind
703,20241109,11957,3997,439,110,11,3,277.43,Damaged
704,20250720,11967,4000,2,154,1,3,5841.31,Damaged
705,20240821,11987,4007,227,72,5,5,27889.24,Customer Changed Mind
706,20250429,12047,4030,773,189,7,2,4424.17,Quality Issue
707,20250314,12054,4033,554,54,3,5,19244.81,Duplicate Order
708,20250409,12077,4040,276,118,5,4,25127.37,Quality Issue
709,20240912,12078,4041,313,66,5,3,13878.56,Customer Changed Mind
710,20250122,12083,4043,215,57,6,2,7226.55,Damaged
711,20250122,12084,4043,215,83,6,3,4823.19,Quality Issue
712,20250523,12094,4046,749,92,9,4,1080.17,Incorrect Product
713,20240801,12106,4051,618,81,7,3,5029.82,Damaged
714,20240823,12123,4057,710,142,8,6,25209.32,Incorrect Product
715,20250313,12138,4061,961,75,7,1,7380.56,Incorrect Product
716,20250920,12165,4070,151,124,1,1,3949.67,Duplicate Order
717,20240320,12179,4075,390,3,8,3,3839.97,Duplicate Order
718,20240320,12180,4075,390,51,8,1,3601.54,Customer Changed Mind
719,20240715,12216,4088,29,159,5,3,7307.19,Customer Changed Mind
720,20241217,12226,4092,903,18,4,3,7298.54,Duplicate Order
721,20251222,12234,4095,490,145,4,1,742.29,Quality Issue
722,20250331,12240,4097,874,3,10,1,1255.48,Customer Changed Mind
723,20250604,12254,4101,214,170,9,3,3179.0,Customer Changed Mind
724,20240701,12310,4117,651,42,3,2,10569.03,Duplicate Order
725,20241206,12332,4124,956,115,10,1,7312.45,Quality Issue
726,20250818,12353,4132,439,29,6,2,4054.9,Quality Issue
727,20251103,12371,4138,48,33,10,2,8618.32,Quality Issue
728,20241025,12377,4140,544,54,5,5,20732.54,Incorrect Product
729,20240720,12400,4146,316,22,5,3,15133.65,Duplicate Order
730,20250428,12412,4149,408,43,3,6,30917.95,Duplicate Order
731,20240208,12519,4184,240,193,3,5,19740.4,Duplicate Order
732,20250520,12571,4200,349,123,1,1,5123.22,Duplicate Order
733,20240622,12585,4206,949,30,5,1,7896.07,Quality Issue
734,20251003,12588,4207,683,157,1,4,4786.24,Incorrect Product
735,20240622,12608,4212,922,110,3,2,218.83,Incorrect Product
736,20241112,12611,4213,825,152,9,4,26572.17,Customer Changed Mind
737,20240626,12622,4216,579,194,4,2,12481.88,Incorrect Product
738,20240611,12641,4221,997,1,3,3,12631.68,Incorrect Product
739,20240426,12642,4222,809,99,1,2,8259.93,Damaged
740,20240426,12646,4224,251,27,11,4,15834.05,Quality Issue
741,20241221,12650,4226,957,54,1,6,28618.27,Damaged
742,20240115,12684,4235,604,133,6,1,3767.43,Customer Changed Mind
743,20241028,12739,4252,656,6,4,1,2923.83,Customer Changed Mind
744,20241028,12741,4252,656,72,4,2,13574.99,Customer Changed Mind
745,20250715,12766,4263,994,173,9,1,4543.92,Damaged
746,20240612,12767,4264,71,104,7,3,13599.48,Duplicate Order
747,20240525,12782,4271,295,121,4,1,1428.4,Duplicate Order
748,20240525,12784,4271,295,162,4,1,2118.95,Incorrect Product
749,20250316,12789,4273,256,173,7,1,3534.76,Incorrect Product
750,20240907,12822,4283,964,169,10,3,8959.97,Customer Changed Mind
751,20240714,12829,4285,297,197,9,3,12893.08,Customer Changed Mind
752,20250529,12831,4286,779,48,5,1,6713.75,Quality Issue
753,20241224,12834,4287,237,167,10,3,2124.02,Duplicate Order
754,20240916,12839,4288,73,164,7,2,12888.79,Incorrect Product
755,20250311,12841,4290,510,56,8,1,6360.84,Damaged
756,20240503,12853,4294,922,55,1,2,2213.59,Customer Changed Mind
757,20251117,12909,4309,618,24,9,5,24183.3,Incorrect Product
758,20240528,12945,4321,907,18,4,6,12903.46,Quality Issue
759,20250323,12954,4323,435,153,3,4,1001.56,Customer Changed Mind
760,20250323,12957,4323,435,54,3,1,4480.41,Duplicate Order
761,20240523,12978,4330,610,138,12,3,3743.39,Incorrect Product
762,20240523,12979,4330,610,23,12,1,1561.21,Duplicate Order
763,20240216,12983,4331,706,33,6,1,2992.35,Duplicate Order
764,20251103,13011,4342,464,49,12,1,4397.09,Quality Issue
765,20251004,13020,4346,622,178,12,1,6572.89,Damaged
766,20240824,13029,4349,697,26,6,1,2661.65,Incorrect Product
767,20241113,13042,4354,943,58,4,1,9999.0,Quality Issue
768,20241109,13047,4355,797,28,4,1,423.77,Quality Issue
769,20240823,13050,4356,877,85,11,1,321.05,Quality Issue
770,20250617,13056,4357,266,146,3,5,25593.91,Damaged
771,20250308,13058,4358,422,178,9,1,5371.96,Quality Issue
772,20240321,13070,4361,734,78,7,5,29749.61,Duplicate Order
773,20240106,13073,4362,677,37,8,7,12800.95,Incorrect Product
774,20240621,13099,4371,152,131,9,3,10932.06,Customer Changed Mind
775,20240404,13135,4381,858,19,6,7,25900.98,Duplicate Order
776,20240624,13141,4382,948,88,11,3,13181.16,Customer Changed Mind
777,20250815,13184,4395,193,95,9,3,13470.27,Incorrect Product
778,20251217,13202,4400,161,93,12,2,1384.32,Incorrect Product
779,20240328,13228,4408,401,22,9,5,20428.78,Customer Changed Mind
780,20250613,13269,4423,685,102,10,1,4457.5,Customer Changed Mind
781,20240625,13310,4439,985,143,3,3,18195.68,Quality Issue
782,20241002,13318,4441,935,119,2,4,11184.17,Customer Changed Mind
783,20240803,13321,4442,471,29,3,2,4591.54,Duplicate Order
784,20251030,13358,4459,248,191,2,4,22393.41,Customer Changed Mind
785,20240507,13367,4462,194,126,2,1,8547.36,Quality Issue
786,20240731,13408,4480,148,70,3,4,8629.74,Damaged
787,20240326,13433,4489,751,124,5,2,8989.38,Customer Changed Mind
788,20240326,13435,4489,751,169,5,4,12450.85,Duplicate Order
789,20250210,13442,4492,342,81,1,1,1096.62,Duplicate Order
790,20240729,13513,4516,127,156,4,4,12438.74,Customer Changed Mind
791,20251115,13547,4528,606,188,3,6,22814.39,Quality Issue
792,20240812,13597,4544,193,23,12,3,5853.02,Quality Issue
793,20240708,13608,4547,612,68,6,2,1891.96,Duplicate Order
794,20250209,13612,4548,678,176,8,1,2419.92,Incorrect Product
795,20250805,13613,4549,98,195,10,7,41112.95,Duplicate Order
796,20250427,13658,4565,523,24,12,1,4295.87,Incorrect Product
797,20251001,13677,4570,1000,57,2,1,5139.55,Customer Changed Mind
798,20240821,13723,4586,504,134,2,1,4823.88,Damaged
799,20240206,13763,4601,60,57,7,1,3384.4,Damaged
800,20240103,13795,4612,735,161,8,5,29745.55,Duplicate Order
801,20250306,13805,4616,386,18,1,2,3766.17,Damaged
802,20240401,13827,4626,136,132,9,6,42262.18,Quality Issue
803,20240813,13845,4631,781,179,3,1,4523.06,Duplicate Order
804,20240701,13859,4637,263,176,10,1,1616.22,Quality Issue
805,20240830,13867,4640,665,154,12,1,2158.36,Customer Changed Mind
806,20240830,13869,4640,665,181,12,2,9320.32,Incorrect Product
807,20250402,13882,4644,482,174,4,1,1988.58,Incorrect Product
808,20250904,13889,4646,394,199,11,6,25447.07,Incorrect Product
809,20251120,13894,4647,964,147,1,1,973.26,Quality Issue
810,20250317,13916,4655,182,41,6,3,14295.46,Quality Issue
811,20250121,13930,4660,509,137,10,4,6736.16,Incorrect Product
812,20240906,13957,4669,648,98,2,4,3016.25,Duplicate Order
813,20240504,14059,4706,201,67,9,6,6515.96,Duplicate Order
814,20241201,14066,4708,18,21,4,3,10242.94,Customer Changed Mind
815,20251219,14082,4713,508,50,4,1,1139.15,Incorrect Product
816,20250627,14101,4719,439,64,1,3,8274.34,Duplicate Order
817,20241125,14106,4722,954,26,5,1,3406.14,Incorrect Product
818,20250711,14116,4727,809,126,5,2,14141.25,Damaged
819,20250711,14118,4727,809,132,5,4,26574.94,Customer Changed Mind
820,20240821,14125,4729,268,69,3,2,7035.68,Duplicate Order
821,20250321,14141,4735,49,156,7,2,7308.63,Customer Changed Mind
822,20240128,14145,4736,563,126,1,3,17313.57,Quality Issue
823,20240909,14167,4743,183,85,2,2,1018.05,Damaged
824,20250213,14169,4744,39,112,4,3,16232.54,Incorrect Product
825,20240313,14181,4746,701,198,4,1,4125.12,Damaged
826,20250710,14236,4769,348,160,9,1,2492.64,Duplicate Order
827,20240321,14276,4785,643,55,9,4,3057.42,Duplicate Order
828,20250422,14297,4792,635,77,4,2,7532.14,Duplicate Order
829,20240308,14318,4801,296,152,12,2,11068.67,Customer Changed Mind
830,20240215,14332,4804,342,84,5,2,8652.56,Quality Issue
831,20240129,14340,4807,152,6,5,2,5431.83,Incorrect Product
832,20240129,14342,4807,152,82,5,1,1031.26,Incorrect Product
833,20250810,14345,4808,253,97,11,1,2617.43,Duplicate Order
834,20241121,14346,4809,494,147,2,1,817.09,Incorrect Product
835,20251224,14383,4821,446,57,5,3,10488.76,Customer Changed Mind
836,20250303,14396,4824,509,169,4,2,7944.4,Quality Issue
837,20240926,14421,4830,136,182,12,2,7828.52,Quality Issue
838,20240206,14429,4832,330,33,10,3,12093.13,Quality Issue
839,20250618,14430,4833,181,186,6,1,7073.3,Damaged
840,20250618,14433,4833,181,80,6,5,32462.0,Customer Changed Mind
841,20251014,14437,4835,639,109,10,2,15300.67,Incorrect Product
842,20240412,14449,4839,700,99,9,5,17885.37,Quality Issue
843,20251130,14455,4842,909,89,1,4,44261.61,Quality Issue
844,20250311,14461,4845,534,162,4,1,2624.29,Damaged
845,20250726,14539,4871,700,186,8,1,7272.99,Duplicate Order
846,20250727,14545,4874,392,68,3,2,1773.79,Damaged
847,20250209,14552,4876,184,45,5,2,11217.52,Customer Changed Mind
848,20250209,14553,4876,184,16,5,5,10057.67,Duplicate Order
849,20250624,14571,4881,822,136,4,2,4555.59,Damaged
850,20250302,14602,4892,513,20,9,1,1895.16,Duplicate Order
851,20240223,14627,4903,581,69,2,1,4431.58,Duplicate Order
852,20250614,14637,4906,427,90,7,3,3910.42,Duplicate Order
853,20240109,14643,4910,172,156,10,3,10485.57,Damaged
854,20240128,14653,4913,113,191,1,3,13998.0,Customer Changed Mind
855,20240803,14663,4916,830,132,11,2,13812.41,Customer Changed Mind
856,20251204,14666,4917,118,73,2,1,6163.02,Damaged
857,20240724,14679,4920,783,85,12,1,466.02,Customer Changed Mind
858,20240724,14680,4920,783,169,12,1,3940.82,Damaged
859,20241004,14681,4921,734,142,4,1,6125.12,Quality Issue
860,20241106,14684,4922,862,23,4,1,1712.89,Customer Changed Mind
861,20240702,14686,4924,877,198,5,3,12943.79,Damaged
862,20251212,14693,4925,597,135,3,1,5705.01,Customer Changed Mind
863,20240910,14694,4926,476,196,8,2,5257.97,Damaged
864,20240130,14720,4934,622,188,10,1,3460.14,Customer Changed Mind
865,20241227,14739,4941,607,130,10,7,53824.06,Damaged
866,20250408,14751,4944,197,20,3,1,2102.93,Customer Changed Mind
867,20250302,14807,4961,606,23,3,1,1335.94,Incorrect Product
868,20250829,14858,4978,493,50,4,2,2032.89,Quality Issue
869,20240905,14874,4982,75,79,12,1,3889.73,Customer Changed Mind
870,20250524,14881,4983,52,66,7,5,23198.8,Damaged
871,20250927,14890,4986,786,154,8,5,12140.27,Incorrect Product
872,20250525,14912,4993,153,105,4,4,20769.9,Customer Changed Mind
873,20250703,14921,4995,554,113,8,5,775.42,Incorrect Product
874,20241214,14938,5001,785,164,12,4,38066.23,Quality Issue
875,20240804,14965,5011,138,73,1,3,15509.57,Incorrect Product
876,20241030,14998,5021,262,192,5,1,5067.57,Duplicate Order
877,20251126,15035,5032,599,169,11,2,7088.81,Quality Issue
878,20240818,15056,5040,772,62,3,1,602.86,Quality Issue
879,20241224,15065,5043,720,58,3,3,33181.09,Customer Changed Mind
880,20240123,15073,5046,340,117,8,4,8707.12,Customer Changed Mind
881,20250115,15085,5051,651,38,2,5,47260.56,Duplicate Order
882,20250829,15107,5060,483,44,7,3,23857.02,Duplicate Order
883,20250726,15126,5066,538,155,8,6,23435.07,Quality Issue
884,20240210,15139,5071,250,110,4,5,546.18,Damaged
885,20250214,15175,5082,141,198,7,2,6495.78,Duplicate Order
886,20240527,15238,5104,499,104,8,2,8473.26,Duplicate Order
887,20250622,15243,5107,548,161,2,1,5849.74,Damaged
888,20250208,15255,5110,774,71,8,3,6275.74,Quality Issue
889,20250104,15265,5113,109,105,9,1,5041.61,Quality Issue
890,20251018,15288,5121,368,152,9,5,36151.35,Duplicate Order
891,20251018,15290,5121,368,3,9,2,3240.14,Quality Issue
892,20240901,15326,5133,821,27,10,1,2934.69,Incorrect Product
893,20240202,15346,5139,5,73,5,3,17596.78,Damaged
894,20251105,15381,5149,175,32,4,1,4389.91,Damaged
895,20240918,15421,5162,413,18,4,3,6150.81,Damaged
896,20241108,15442,5168,967,199,6,1,7450.57,Damaged
897,20241108,15443,5168,967,105,6,1,5292.14,Damaged
898,20250829,15459,5174,115,13,3,5,43507.26,Quality Issue
899,20241214,15461,5175,387,108,1,4,33569.93,Duplicate Order
900,20241214,15462,5175,387,100,1,3,1971.19,Quality Issue
901,20240203,15470,5177,624,158,11,1,4094.79,Damaged
902,20240224,15481,5181,931,121,3,4,7490.73,Incorrect Product
903,20240716,15521,5192,829,121,1,3,4099.21,Quality Issue
904,20241021,15528,5195,52,71,8,3,8187.47,Quality Issue
905,20250621,15536,5197,125,13,9,4,41241.7,Quality Issue
906,20250430,15544,5199,736,194,6,1,8148.63,Quality Issue
907,20240129,15555,5203,757,199,1,2,11803.82,Damaged
908,20251015,15570,5207,233,65,5,1,2471.38,Incorrect Product
909,20240507,15576,5208,438,88,10,1,4237.94,Quality Issue
910,20240510,15595,5214,671,160,2,1,2581.7,Duplicate Order
911,20240216,15613,5220,609,180,8,2,3639.48,Damaged
912,20250703,15638,5227,403,143,1,3,20406.32,Quality Issue
913,20250703,15641,5227,403,183,1,2,9603.93,Customer Changed Mind
914,20240803,15644,5229,933,128,11,3,1497.88,Duplicate Order
915,20250814,15653,5232,757,129,2,6,33590.15,Duplicate Order
916,20250804,15665,5234,916,121,4,4,7203.63,Quality Issue
917,20251113,15672,5237,286,13,9,1,9086.1,Damaged
918,20240216,15692,5244,623,156,7,1,3413.25,Duplicate Order
919,20251104,15725,5253,399,22,4,3,22661.14,Duplicate Order
920,20250426,15737,5259,510,110,10,4,461.92,Damaged
921,20250709,15745,5261,656,87,9,5,17843.36,Customer Changed Mind
922,20241015,15762,5265,928,98,4,2,1616.38,Damaged
923,20251008,15776,5270,648,62,6,2,1272.08,Damaged
924,20251005,15790,5274,28,126,9,1,7881.51,Quality Issue
925,20250904,15823,5287,54,185,4,1,7272.37,Damaged
926,20251031,15844,5293,167,198,10,1,4547.35,Quality Issue
927,20240615,15856,5297,285,40,3,1,6133.98,Quality Issue
928,20240118,15857,5298,859,174,9,4,7382.47,Duplicate Order
929,20250208,15862,5299,368,150,12,3,14503.8,Duplicate Order
930,20240505,15872,5302,137,90,1,6,6743.24,Incorrect Product
931,20250323,15881,5305,609,20,8,2,3558.37,Incorrect Product
932,20241207,15888,5307,776,195,2,2,14134.37,Quality Issue
933,20250929,15922,5317,254,138,12,2,2814.47,Quality Issue
934,20250728,15925,5318,102,19,5,1,4402.53,Duplicate Order
935,20250308,15927,5320,119,95,7,4,17259.7,Quality Issue
936,20240304,15941,5325,50,19,2,4,16693.07,Customer Changed Mind
937,20240529,15961,5331,893,183,6,3,18536.42,Duplicate Order
938,20251218,15962,5332,599,140,4,2,2324.99,Duplicate Order
939,20250329,15967,5333,483,113,1,2,308.13,Quality Issue
940,20250329,15969,5333,483,71,1,1,2887.65,Duplicate Order
941,20240520,15978,5336,400,26,11,2,5950.53,Duplicate Order
942,20240520,15979,5336,400,196,11,1,1950.45,Customer Changed Mind
943,20250220,15991,5340,543,182,5,1,3349.27,Damaged
944,20240728,15999,5343,599,109,4,1,6525.05,Damaged
945,20240728,16003,5343,599,195,4,3,21261.69,Incorrect Product
946,20241126,16014,5347,945,160,4,1,3099.81,Duplicate Order
947,20240724,16021,5350,848,180,1,3,6010.5,Customer Changed Mind
948,20251031,16028,5352,931,67,12,1,885.8,Damaged
949,20251111,16032,5353,579,122,12,1,3489.04,Duplicate Order
950,20240811,16034,5354,590,107,7,2,4476.29,Customer Changed Mind
951,20240811,16035,5354,590,164,7,3,16887.52,Customer Changed Mind
952,20240524,16040,5356,176,81,8,1,1246.82,Quality Issue
953,20251007,16050,5359,128,183,4,3,16354.44,Quality Issue
954,20240805,16102,5374,544,36,2,1,2906.02,Duplicate Order
955,20251204,16123,5382,95,111,7,6,47085.59,Incorrect Product
956,20250206,16150,5390,899,109,7,2,15138.52,Damaged
957,20240408,16173,5399,538,41,10,2,6406.33,Incorrect Product
958,20250928,16219,5413,255,178,3,1,5938.96,Customer Changed Mind
959,20250928,16221,5413,255,38,3,4,34614.44,Damaged
960,20250928,16223,5413,255,31,3,5,29148.89,Damaged
961,20240831,16230,5416,439,79,4,6,28631.43,Duplicate Order
962,20240419,16245,5420,821,48,7,3,22466.61,Incorrect Product
963,20240708,16255,5423,996,130,2,4,22993.45,Incorrect Product
964,20250404,16260,5425,869,60,9,2,1769.75,Customer Changed Mind
965,20240507,16268,5428,397,105,7,1,3922.2,Customer Changed Mind
966,20250706,16280,5431,624,185,6,2,14327.3,Incorrect Product
967,20250219,16304,5439,460,188,5,1,2669.54,Customer Changed Mind
968,20240114,16325,5444,959,133,4,2,6881.95,Customer Changed Mind
969,20250922,16336,5448,388,53,2,4,5321.87,Quality Issue
970,20250912,16341,5449,447,119,5,4,8755.68,Quality Issue
971,20250509,16358,5456,487,98,6,6,4560.16,Incorrect Product
972,20250913,16367,5458,223,21,4,1,2747.77,Duplicate Order
973,20240531,16420,5473,290,129,9,2,7948.54,Duplicate Order
974,20240803,16430,5476,886,200,10,1,4843.14,Customer Changed Mind
975,20250223,16433,5477,465,117,3,2,5358.06,Customer Changed Mind
976,20241107,16455,5482,755,57,3,1,3499.55,Customer Changed Mind
977,20250303,16464,5486,345,81,11,3,4164.49,Incorrect Product
978,20240625,16481,5491,517,28,2,1,363.44,Incorrect Product
979,20250223,16500,5498,782,61,12,2,9492.72,Damaged
980,20250101,16503,5499,69,195,10,2,11539.87,Duplicate Order
981,20251218,16507,5501,52,93,7,2,1227.49,Incorrect Product
982,20241027,16512,5503,934,176,8,5,9417.91,Customer Changed Mind
983,20251017,16518,5506,158,158,4,2,9041.59,Damaged
984,20241126,16522,5507,313,176,1,3,7094.88,Customer Changed Mind
985,20241126,16523,5507,313,16,1,3,9851.45,Duplicate Order
986,20251027,16524,5508,381,11,5,3,18031.84,Damaged
987,20241213,16547,5515,596,184,12,3,16401.9,Customer Changed Mind
988,20241109,16559,5518,597,132,7,1,7778.39,Damaged
989,20251107,16588,5527,999,89,9,3,26644.25,Quality Issue
990,20251210,16616,5537,274,180,5,1,1614.12,Incorrect Product
991,20251217,16623,5539,975,55,6,2,1909.66,Quality Issue
992,20251004,16651,5551,691,90,9,4,5781.24,Damaged
993,20251004,16652,5551,691,186,9,1,9140.42,Damaged
994,20240907,16656,5553,543,169,3,1,3436.25,Customer Changed Mind
995,20240229,16665,5557,799,81,2,1,1204.26,Customer Changed Mind
996,20240213,16669,5558,980,45,3,1,4582.32,Duplicate Order
997,20240420,16693,5567,53,95,7,3,10643.4,Duplicate Order
998,20241013,16730,5582,635,41,10,2,7040.76,Duplicate Order
999,20250716,16764,5593,290,39,3,1,3985.97,Customer Changed Mind
1000,20250825,16771,5595,958,111,12,1,5250.66,Incorrect Product
1001,20251007,16797,5602,719,59,10,1,2978.28,Duplicate Order
1002,20250629,16857,5620,401,88,2,1,4422.22,Duplicate Order
1003,20240731,16871,5625,492,20,2,1,1820.98,Damaged
1004,20240602,16882,5630,284,135,2,4,14430.72,Damaged
1005,20251013,16901,5636,717,106,3,4,20771.28,Incorrect Product
1006,20250521,16909,5639,15,98,2,2,1404.02,Quality Issue
1007,20251022,16936,5652,31,99,2,3,13523.13,Quality Issue
1008,20251222,16945,5655,768,68,12,3,2516.5,Incorrect Product
1009,20250905,16969,5661,226,102,9,2,14761.68,Incorrect Product
1010,20250302,16986,5668,833,5,5,1,3315.45,Quality Issue
1011,20250302,16988,5668,833,185,5,1,6718.89,Quality Issue
1012,20240317,17017,5679,227,146,6,1,4811.99,Incorrect Product
1013,20251014,17020,5680,831,32,9,2,9238.92,Duplicate Order
1014,20250125,17036,5686,225,199,9,1,5130.41,Customer Changed Mind
1015,20251202,17102,5707,974,128,6,1,433.9,Customer Changed Mind
1016,20250708,17104,5708,101,99,9,3,10759.47,Duplicate Order
1017,20250905,17118,5716,920,4,3,2,1735.7,Damaged
1018,20250718,17133,5722,159,143,6,1,7026.94,Customer Changed Mind
1019,20251011,17213,5748,898,3,6,3,5681.79,Incorrect Product
1020,20251229,17233,5755,802,160,4,6,17557.89,Incorrect Product
1021,20250702,17279,5769,470,9,3,4,11341.94,Damaged
1022,20250323,17291,5774,652,92,12,1,292.37,Damaged
1023,20240623,17314,5781,487,110,8,2,237.99,Quality Issue
1024,20250610,17315,5782,442,90,10,2,2618.22,Quality Issue
1025,20250512,17339,5790,179,86,4,1,6705.95,Damaged
1026,20250105,17341,5791,944,77,2,3,14070.24,Incorrect Product
1027,20251209,17360,5798,926,61,6,2,10872.94,Incorrect Product
1028,20240522,17379,5809,874,121,12,1,1559.29,Quality Issue
1029,20240303,17383,5810,869,141,9,1,2855.67,Customer Changed Mind
1030,20240208,17416,5820,739,9,3,2,8269.89,Duplicate Order
1031,20240629,17424,5823,647,54,12,1,3685.82,Damaged
1032,20240907,17436,5827,455,182,4,2,6365.47,Damaged
1033,20250823,17445,5829,266,49,7,1,3779.36,Quality Issue
1034,20241209,17449,5830,449,102,9,6,36239.8,Damaged
1035,20240626,17506,5846,144,153,7,6,1380.68,Customer Changed Mind
1036,20250601,17526,5854,323,120,5,2,1373.48,Incorrect Product
1037,20250205,17529,5856,719,117,4,4,8505.97,Damaged
1038,20240922,17531,5857,791,116,5,2,12162.26,Duplicate Order
1039,20240922,17532,5857,791,170,5,3,2275.61,Quality Issue
1040,20250922,17555,5863,410,153,12,2,479.53,Damaged
1041,20250816,17617,5878,27,142,1,1,3312.29,Quality Issue
1042,20250427,17661,5893,311,53,11,3,2992.09,Incorrect Product
1043,20250319,17668,5895,572,90,3,1,1124.45,Quality Issue
1044,20241016,17685,5900,196,55,7,1,1030.0,Duplicate Order
1045,20250718,17719,5915,211,114,6,1,1399.56,Customer Changed Mind
1046,20240903,17733,5919,788,45,12,1,5282.97,Damaged
1047,20250117,17760,5930,43,37,12,6,11431.38,Incorrect Product
1048,20240901,17781,5937,773,190,10,1,2286.47,Customer Changed Mind
1049,20240901,17783,5937,773,136,10,4,8432.73,Duplicate Order
1050,20250523,17797,5942,885,35,1,1,1739.57,Damaged
1051,20240324,17812,5947,609,111,1,1,5856.71,Duplicate Order
1052,20240425,17830,5952,656,22,4,2,11512.13,Duplicate Order
1053,20250516,17840,5954,407,34,11,4,893.53,Quality Issue
1054,20250505,17864,5962,83,200,12,3,9491.19,Damaged
1055,20251008,17867,5963,966,54,4,1,3268.47,Damaged
1056,20240831,17873,5966,349,63,12,6,37205.7,Incorrect Product
1057,20240618,17890,5971,635,17,5,4,14000.44,Damaged
1058,20240311,17891,5972,476,18,4,2,3928.41,Customer Changed Mind
1059,20250930,17893,5974,306,145,5,3,1780.08,Customer Changed Mind
1060,20241212,17906,5978,809,196,9,4,12669.75,Customer Changed Mind
1061,20251012,17940,5992,270,85,9,1,533.18,Incorrect Product
1062,20250907,17994,6013,411,158,5,2,8693.42,Quality Issue
1063,20251115,18018,6019,275,128,7,1,424.6,Incorrect Product
1064,20250319,18089,6041,151,137,12,1,1231.28,Duplicate Order
1065,20250225,18103,6045,390,75,10,3,17381.76,Incorrect Product
1066,20240226,18120,6049,821,176,4,4,8661.3,Quality Issue
1067,20240508,18141,6056,456,199,7,1,5014.92,Damaged
1068,20240612,18162,6064,80,64,5,3,8749.54,Duplicate Order
1069,20250604,18170,6067,70,199,5,2,10019.07,Duplicate Order
1070,20241005,18183,6071,504,199,11,2,10433.29,Customer Changed Mind
1071,20241005,18184,6071,504,130,11,4,25027.96,Incorrect Product
1072,20241215,18195,6075,317,198,8,2,6958.06,Damaged
1073,20250626,18202,6077,517,17,1,3,7953.38,Damaged
1074,20250306,18231,6084,233,19,1,1,3752.07,Duplicate Order
1075,20250121,18246,6089,783,152,10,2,10637.74,Damaged
1076,20240413,18263,6095,922,88,2,1,4098.63,Damaged
1077,20251203,18277,6099,661,79,4,2,11196.39,Quality Issue
1078,20240214,18281,6100,441,33,12,1,4215.92,Damaged
1079,20240530,18285,6101,870,60,10,2,2149.97,Duplicate Order
1080,20250901,18288,6102,745,116,3,2,10141.63,Duplicate Order
1081,20250806,18303,6108,54,82,9,5,4422.62,Damaged
1082,20250228,18335,6117,868,101,9,2,12225.22,Incorrect Product
1083,20240407,18343,6120,624,34,11,5,1308.1,Duplicate Order
1084,20240718,18367,6128,17,63,12,5,39684.48,Duplicate Order
1085,20250211,18374,6131,196,71,5,2,3917.79,Damaged
1086,20250927,18392,6138,794,167,1,1,513.5,Incorrect Product
1087,20240802,18397,6140,103,188,6,7,24257.3,Quality Issue
1088,20250629,18417,6146,689,165,3,2,13343.7,Duplicate Order
1089,20240503,18439,6152,98,69,2,3,13150.01,Quality Issue
1090,20241231,18442,6153,715,168,7,1,2157.23,Customer Changed Mind
1091,20251014,18542,6189,540,166,12,3,16193.04,Incorrect Product
1092,20250421,18577,6200,344,99,5,2,7280.55,Incorrect Product
1093,20250105,18596,6205,405,85,10,4,1585.95,Customer Changed Mind
1094,20241110,18605,6210,906,91,2,1,1646.33,Customer Changed Mind
1095,20240225,18624,6216,307,82,9,2,2461.32,Quality Issue
1096,20240813,18637,6220,521,176,4,1,1789.08,Damaged
1097,20240111,18648,6222,272,43,9,7,26591.51,Incorrect Product
1098,20240425,18661,6227,77,21,11,1,2935.91,Incorrect Product
1099,20250329,18698,6238,856,34,7,2,696.72,Duplicate Order
1100,20241008,18707,6242,442,41,8,7,28408.87,Damaged
1101,20250623,18715,6245,285,196,4,2,4047.84,Incorrect Product
1102,20250623,18716,6245,285,188,4,1,3609.6,Incorrect Product
1103,20250623,18718,6245,285,99,4,1,3347.75,Customer Changed Mind
1104,20250126,18721,6246,850,164,3,1,5774.96,Incorrect Product
1105,20250101,18764,6262,637,14,11,4,11918.63,Quality Issue
1106,20240703,18773,6265,533,155,3,3,11526.32,Damaged
1107,20250401,18787,6269,985,28,11,4,1456.5,Quality Issue
1108,20251125,18817,6278,563,58,12,1,9122.32,Damaged
1109,20251128,18821,6279,52,37,3,3,7235.44,Damaged
1110,20241206,18843,6287,84,167,7,4,2947.31,Customer Changed Mind
1111,20240307,18855,6291,79,36,2,1,2789.62,Damaged
1112,20241002,18857,6292,696,66,2,2,8171.05,Incorrect Product
1113,20250713,18858,6293,40,82,1,3,2717.2,Customer Changed Mind
1114,20250713,18859,6293,40,88,1,3,10729.72,Customer Changed Mind
1115,20240214,18907,6310,666,134,5,1,5376.47,Customer Changed Mind
1116,20241009,18939,6321,406,189,3,4,8949.89,Damaged
1117,20240212,18973,6332,760,19,2,7,28709.31,Quality Issue
1118,20251216,19003,6342,398,76,12,3,11134.06,Customer Changed Mind
1119,20250619,19015,6345,147,198,10,1,3618.82,Customer Changed Mind
1120,20240403,19023,6349,214,106,5,1,3985.96,Customer Changed Mind
1121,20240403,19025,6349,214,147,5,2,1489.98,Quality Issue
1122,20240318,19030,6351,6,178,5,1,5571.8,Incorrect Product
1123,20250615,19041,6355,300,48,6,1,5782.7,Incorrect Product
1124,20250219,19050,6357,68,194,12,1,6699.32,Incorrect Product
1125,20240116,19076,6368,869,121,10,1,1718.45,Customer Changed Mind
1126,20251030,19080,6369,72,73,4,1,5433.1,Incorrect Product
1127,20241022,19117,6381,922,111,9,5,39582.92,Quality Issue
1128,20250806,19127,6383,242,60,10,1,1084.94,Duplicate Order
1129,20250823,19137,6387,981,121,7,1,1801.3,Duplicate Order
1130,20250725,19144,6389,60,9,6,5,19353.83,Duplicate Order
1131,20241010,19157,6392,642,81,8,1,1708.91,Quality Issue
1132,20240923,19211,6411,717,54,9,4,17429.12,Customer Changed Mind
1133,20251010,19235,6420,755,36,10,4,12009.1,Damaged
1134,20241021,19250,6424,733,57,6,2,8903.84,Quality Issue
1135,20241020,19263,6428,7,168,11,1,2844.32,Damaged
1136,20250829,19267,6429,160,26,4,4,17617.33,Duplicate Order
1137,20251129,19269,6431,810,82,1,1,1092.6,Incorrect Product
1138,20240206,19311,6444,612,174,3,1,1764.15,Duplicate Order
1139,20240121,19326,6447,806,189,7,5,9471.62,Customer Changed Mind
1140,20240326,19379,6465,182,29,9,4,8034.98,Customer Changed Mind
1141,20240326,19381,6465,182,71,9,7,18989.23,Customer Changed Mind
1142,20250222,19385,6466,232,13,6,5,49466.02,Customer Changed Mind
1143,20250913,19416,6477,621,163,2,4,28093.05,Quality Issue
1144,20240911,19420,6478,96,106,8,5,22622.61,Incorrect Product
1145,20240207,19435,6483,333,96,1,1,3760.62,Duplicate Order
1146,20241110,19512,6510,491,73,4,3,18469.14,Duplicate Order
1147,20241110,19515,6510,491,53,4,2,2797.18,Duplicate Order
1148,20251115,19535,6519,641,69,5,1,4392.23,Incorrect Product
1149,20240923,19613,6544,816,54,4,1,3257.12,Incorrect Product
1150,20240218,19629,6550,397,47,2,1,3065.75,Incorrect Product
1151,20240630,19630,6551,119,157,8,2,2165.91,Customer Changed Mind
1152,20251210,19647,6555,890,67,4,5,5785.85,Quality Issue
1153,20240729,19665,6562,228,195,8,3,21096.46,Quality Issue
1154,20240729,19667,6562,228,38,8,2,16250.89,Duplicate Order
1155,20240729,19668,6562,228,181,8,2,8080.74,Duplicate Order
1156,20240802,19678,6567,135,104,10,2,10137.69,Duplicate Order
1157,20240711,19681,6568,34,168,3,2,5159.32,Duplicate Order
1158,20240720,19686,6569,114,70,10,3,6111.14,Customer Changed Mind
1159,20250520,19719,6581,360,179,8,7,29679.76,Customer Changed Mind
1160,20241205,19730,6587,692,54,8,5,24234.09,Damaged
1161,20240826,19755,6596,894,128,12,7,2563.8,Customer Changed Mind
1162,20240730,19773,6603,643,49,5,2,6852.85,Customer Changed Mind
1163,20240525,19778,6605,333,17,8,6,16220.59,Quality Issue
1164,20250908,19794,6609,916,156,6,1,4076.67,Incorrect Product
1165,20241125,19805,6614,824,168,1,1,2288.11,Incorrect Product
1166,20240103,19816,6618,357,132,7,1,7160.14,Damaged
1167,20250518,19833,6622,577,121,3,6,9654.51,Damaged
1168,20240906,19844,6626,539,6,4,4,14298.8,Incorrect Product
1169,20250221,19852,6628,666,111,1,1,6085.04,Duplicate Order
1170,20250316,19868,6634,293,65,8,1,1644.73,Incorrect Product
1171,20250621,19872,6635,850,144,7,4,32932.91,Duplicate Order
1172,20241202,19874,6636,871,106,4,1,3682.76,Incorrect Product
1173,20250525,19894,6640,552,174,10,1,2196.59,Customer Changed Mind
1174,20251218,19902,6642,945,111,9,1,6118.14,Quality Issue
1175,20250531,19926,6654,627,63,12,1,6160.47,Duplicate Order
1176,20250308,19928,6655,877,105,6,1,3953.44,Incorrect Product
1177,20251226,19941,6659,863,170,6,2,2147.83,Damaged
1178,20240117,19947,6661,1000,24,10,5,17368.62,Customer Changed Mind
1179,20250120,19959,6664,670,42,5,2,10945.08,Customer Changed Mind
1180,20250905,20020,6682,280,92,12,1,231.34,Incorrect Product
1181,20241221,20039,6688,472,157,5,1,1600.4,Quality Issue
1182,20241211,20050,6693,711,91,11,2,4436.52,Duplicate Order
1183,20250318,20059,6695,248,101,7,3,13812.99,Duplicate Order
1184,20251206,20075,6699,839,18,5,6,15023.02,Duplicate Order
1185,20241104,20087,6703,193,152,12,2,11244.18,Damaged
1186,20250124,20190,6734,502,41,6,1,5059.67,Duplicate Order
1187,20240720,20221,6745,394,171,1,2,1293.64,Incorrect Product
1188,20250422,20244,6751,309,83,7,1,1339.12,Quality Issue
1189,20241220,20252,6754,705,134,7,1,6028.15,Incorrect Product
1190,20241220,20253,6754,705,19,7,2,11875.21,Customer Changed Mind
1191,20240815,20260,6756,225,67,11,2,1932.29,Incorrect Product
1192,20251204,20289,6765,174,80,5,1,6176.81,Duplicate Order
1193,20250821,20294,6766,893,95,4,1,5076.76,Incorrect Product
1194,20241116,20306,6769,834,43,3,2,9372.01,Customer Changed Mind
1195,20240303,20333,6777,167,152,1,2,7964.64,Quality Issue
1196,20241228,20339,6779,393,177,2,1,9542.56,Customer Changed Mind
1197,20240509,20353,6784,29,55,4,1,859.16,Quality Issue
1198,20241107,20357,6785,788,43,2,1,4212.48,Quality Issue
1199,20240803,20429,6809,922,45,10,4,20856.16,Quality Issue
1200,20251222,20438,6813,318,65,8,5,13484.42,Incorrect Product
1201,20240411,20467,6824,18,155,4,1,3218.95,Quality Issue
1202,20250426,20474,6825,460,26,9,3,8018.32,Incorrect Product
1203,20250529,20485,6828,301,116,10,2,9647.24,Customer Changed Mind
1204,20240515,20500,6833,411,165,11,2,10568.63,Damaged
1205,20240224,20506,6834,212,53,11,1,1226.54,Customer Changed Mind
1206,20250326,20540,6845,237,182,6,2,6982.87,Customer Changed Mind
1207,20250821,20549,6847,927,67,10,6,6407.63,Quality Issue
1208,20241015,20557,6851,221,94,8,5,11274.56,Quality Issue
1209,20240602,20568,6854,146,96,6,1,3643.08,Quality Issue
1210,20250425,20571,6855,952,72,12,2,9181.29,Damaged
1211,20250424,20573,6856,274,57,9,3,8271.34,Customer Changed Mind
1212,20240519,20576,6857,296,47,8,2,6708.66,Damaged
1213,20250724,20619,6873,407,179,9,6,27988.59,Customer Changed Mind
1214,20250724,20621,6873,407,172,9,1,3082.06,Duplicate Order
1215,20251025,20654,6886,629,132,1,5,44407.59,Incorrect Product
1216,20240323,20668,6891,724,78,11,2,13407.17,Customer Changed Mind
1217,20240323,20670,6891,724,58,11,2,17528.18,Incorrect Product
1218,20250804,20676,6892,997,119,7,2,6677.13,Damaged
1219,20240529,20704,6902,210,189,4,2,3507.86,Quality Issue
1220,20251115,20709,6903,542,17,12,1,3663.01,Damaged
1221,20250612,20724,6910,422,105,6,1,4216.97,Duplicate Order
1222,20250612,20725,6910,422,77,6,5,22889.39,Damaged
1223,20240126,20750,6919,922,7,6,1,174.57,Customer Changed Mind
1224,20240131,20767,6925,285,145,12,2,1368.11,Quality Issue
1225,20240218,20792,6933,871,177,10,1,8544.67,Quality Issue
1226,20250531,20801,6936,97,66,2,5,26831.35,Damaged
1227,20240617,20819,6942,275,1,6,2,10893.74,Duplicate Order
1228,20240623,20822,6943,339,197,12,1,4293.7,Damaged
1229,20240514,20846,6952,550,40,4,3,22336.58,Customer Changed Mind
1230,20240710,20864,6957,164,176,3,2,3505.98,Damaged
1231,20250909,20893,6969,78,57,3,1,3750.08,Quality Issue
1232,20241004,20903,6972,725,4,7,1,1236.54,Damaged
1233,20240831,20942,6987,78,81,9,2,2293.82,Duplicate Order
1234,20240831,20944,6987,78,107,9,6,12318.68,Incorrect Product
1235,20241028,20948,6989,67,5,4,5,23939.6,Quality Issue
1236,20240726,20950,6990,302,173,3,1,4070.74,Incorrect Product
1237,20250615,20965,6996,898,146,9,1,5095.45,Incorrect Product
1238,20250711,20997,7006,642,74,5,1,4280.44,Customer Changed Mind
1239,20250725,21001,7009,742,124,12,1,3056.45,Incorrect Product
1240,20240719,21008,7010,787,74,10,1,4274.73,Duplicate Order
1241,20250106,21024,7018,241,72,4,2,7831.55,Duplicate Order
1242,20240911,21039,7022,712,105,2,6,21426.07,Damaged
1243,20241007,21082,7037,36,37,10,2,5212.03,Customer Changed Mind
1244,20251212,21117,7046,722,155,3,3,9677.77,Customer Changed Mind
1245,20250414,21133,7051,316,80,11,1,7471.45,Quality Issue
1246,20240703,21151,7057,15,3,6,2,2584.82,Customer Changed Mind
1247,20250823,21158,7059,746,134,1,2,8434.86,Incorrect Product
1248,20250530,21167,7062,339,110,4,3,335.23,Quality Issue
1249,20250929,21177,7064,622,22,4,4,17379.07,Duplicate Order
1250,20250426,21184,7066,388,80,7,6,44305.15,Duplicate Order
1251,20250704,21189,7068,587,194,7,1,8542.67,Quality Issue
1252,20240720,21207,7074,580,18,2,1,2643.5,Quality Issue
1253,20240720,21209,7074,580,163,2,1,7552.75,Quality Issue
1254,20240527,21221,7080,784,197,6,1,5129.2,Customer Changed Mind
1255,20240407,21245,7088,115,7,1,1,154.43,Damaged
1256,20240218,21252,7091,377,176,8,2,4061.32,Quality Issue
1257,20250802,21265,7094,738,84,9,1,4906.81,Quality Issue
1258,20250118,21306,7108,851,84,4,7,26864.09,Damaged
1259,20250118,21309,7108,851,185,4,5,36490.77,Incorrect Product
1260,20240322,21332,7115,841,194,12,1,6242.44,Damaged
1261,20251111,21374,7131,307,159,11,4,12060.32,Customer Changed Mind
1262,20240327,21404,7141,112,39,2,2,8923.87,Duplicate Order
1263,20240906,21407,7142,929,25,7,4,7319.26,Incorrect Product
1264,20251108,21457,7161,206,1,12,4,20624.86,Incorrect Product
1265,20240627,21508,7179,550,125,8,2,13373.42,Customer Changed Mind
1266,20241227,21513,7182,386,179,9,2,8999.66,Customer Changed Mind
1267,20251027,21519,7184,120,49,12,3,13078.61,Duplicate Order
1268,20250904,21527,7186,317,101,4,2,9084.43,Incorrect Product
1269,20250808,21531,7187,402,88,12,2,6238.18,Damaged
1270,20250915,21536,7189,222,140,8,1,903.52,Damaged
1271,20241208,21565,7196,214,170,7,1,850.88,Customer Changed Mind
1272,20240923,21572,7199,405,19,7,3,12579.85,Customer Changed Mind
1273,20241211,21616,7214,426,179,2,4,19505.54,Customer Changed Mind
1274,20240307,21634,7219,480,21,10,2,6254.64,Customer Changed Mind
1275,20250605,21642,7220,343,6,5,7,22795.23,Damaged
1276,20251104,21644,7221,514,183,2,2,13725.58,Customer Changed Mind
1277,20250328,21692,7237,804,137,5,5,8826.2,Quality Issue
1278,20240106,21733,7251,6,176,6,2,4213.15,Damaged
1279,20251023,21744,7253,691,144,5,1,12202.07,Customer Changed Mind
1280,20241201,21824,7277,882,47,10,1,3375.02,Quality Issue
1281,20240922,21834,7281,859,111,10,2,10204.82,Damaged
1282,20250424,21869,7293,18,109,8,1,5201.02,Damaged
1283,20240514,21880,7297,101,90,8,3,3873.44,Damaged
1284,20240809,22034,7354,94,9,3,2,7011.0,Customer Changed Mind
1285,20240619,22052,7359,572,129,1,1,3753.43,Incorrect Product
1286,20240629,22120,7384,304,41,3,3,11870.05,Incorrect Product
1287,20240423,22124,7385,547,33,8,3,9060.22,Incorrect Product
1288,20240708,22140,7390,287,22,12,2,11712.9,Damaged
1289,20240207,22156,7395,39,189,1,1,1864.18,Damaged
1290,20250611,22167,7398,329,168,12,1,1557.44,Incorrect Product
1291,20240723,22176,7400,572,187,11,1,5726.96,Duplicate Order
1292,20240803,22182,7401,903,170,8,2,1854.47,Customer Changed Mind
1293,20240624,22191,7404,161,141,2,1,2464.17,Damaged
1294,20251107,22195,7407,39,196,9,4,12347.12,Duplicate Order
1295,20251001,22222,7418,339,66,7,4,21032.9,Incorrect Product
1296,20250121,22241,7427,908,44,9,3,20462.35,Damaged
1297,20251111,22253,7431,566,150,7,3,23216.44,Incorrect Product
1298,20250326,22268,7438,889,86,11,1,7522.65,Customer Changed Mind
1299,20250704,22275,7439,862,104,5,2,10549.41,Incorrect Product
1300,20240803,22277,7441,975,165,7,1,5200.06,Duplicate Order
1301,20250526,22279,7442,495,82,11,2,1935.14,Customer Changed Mind
1302,20240615,22302,7451,302,7,10,3,565.32,Customer Changed Mind
1303,20251209,22327,7458,73,114,7,3,4018.32,Incorrect Product
1304,20240914,22335,7461,753,136,8,1,2001.31,Duplicate Order
1305,20250315,22348,7464,213,29,1,1,2165.38,Customer Changed Mind
1306,20241216,22360,7470,841,77,1,1,4939.48,Customer Changed Mind
1307,20251207,22375,7476,545,133,6,5,27340.67,Quality Issue
1308,20240828,22382,7479,863,87,1,4,14164.75,Incorrect Product
1309,20250810,22410,7488,714,109,4,2,11637.39,Duplicate Order
1310,20250717,22420,7491,66,156,10,3,9584.87,Duplicate Order
1311,20240912,22422,7492,487,143,4,4,26604.0,Incorrect Product
1312,20241004,22476,7507,82,189,4,3,5697.83,Incorrect Product
1313,20240318,22488,7512,119,176,9,1,2504.37,Quality Issue
1314,20240610,22502,7516,532,77,3,1,3872.33,Customer Changed Mind
1315,20240810,22507,7519,217,145,2,3,2088.43,Customer Changed Mind
1316,20240706,22523,7524,363,124,8,1,4198.53,Quality Issue
1317,20240322,22535,7528,486,20,3,4,9769.87,Damaged
1318,20240512,22536,7529,497,2,11,1,6652.03,Customer Changed Mind
1319,20240512,22556,7535,987,77,6,1,4635.11,Duplicate Order
1320,20240905,22578,7543,640,145,8,3,1462.32,Quality Issue
1321,20240630,22585,7545,263,180,4,6,13551.52,Customer Changed Mind
1322,20240222,22730,7594,694,151,2,5,41239.74,Damaged
1323,20240222,22731,7594,694,73,2,7,37621.81,Damaged
1324,20251101,22742,7598,360,114,5,1,1204.35,Damaged
1325,20250405,22761,7605,649,30,1,4,24218.78,Quality Issue
1326,20241102,22803,7621,294,30,7,5,38863.72,Customer Changed Mind
1327,20241102,22804,7621,294,174,7,1,2246.07,Duplicate Order
1328,20251007,22810,7624,783,111,8,1,6012.93,Duplicate Order
1329,20250826,22816,7627,773,179,11,6,29644.38,Customer Changed Mind
1330,20250609,22832,7631,711,134,5,3,17842.22,Quality Issue
1331,20251127,22843,7635,110,72,6,3,15947.61,Incorrect Product
1332,20241214,22849,7636,482,85,5,1,489.23,Incorrect Product
1333,20251010,22856,7639,575,184,6,1,6262.1,Duplicate Order
1334,20250909,22863,7640,508,176,1,4,8867.35,Damaged
1335,20241217,22881,7647,687,36,2,2,7429.33,Incorrect Product
1336,20240201,22892,7651,314,56,9,2,10279.68,Quality Issue
1337,20251229,22900,7655,920,52,10,2,17158.23,Damaged
1338,20251013,22902,7656,146,12,10,1,2430.9,Quality Issue
1339,20250427,22925,7662,595,51,2,3,11316.19,Duplicate Order
1340,20240129,22938,7667,381,39,5,2,7535.04,Duplicate Order
1341,20240331,23033,7696,609,196,7,1,3042.13,Incorrect Product
1342,20250611,23039,7698,741,10,10,1,2650.38,Damaged
1343,20250222,23041,7699,879,114,3,5,5636.34,Customer Changed Mind
1344,20250123,23094,7716,819,54,3,2,7993.42,Duplicate Order
1345,20250318,23105,7718,307,154,5,1,1983.01,Incorrect Product
1346,20250917,23123,7724,242,195,6,6,36565.19,Damaged
1347,20240228,23133,7727,343,199,3,2,8847.35,Quality Issue
1348,20241023,23161,7735,766,182,11,2,7880.21,Duplicate Order
1349,20241011,23211,7752,580,40,8,1,7229.82,Customer Changed Mind
1350,20240720,23222,7756,355,182,3,2,6630.03,Incorrect Product
1351,20240222,23231,7759,615,137,5,1,1236.68,Quality Issue
1352,20240222,23232,7759,615,19,5,1,2959.99,Quality Issue
1353,20240222,23233,7759,615,139,5,3,15280.54,Duplicate Order
1354,20250202,23247,7763,50,41,9,2,7378.09,Duplicate Order
1355,20250131,23250,7764,764,135,8,1,3365.48,Damaged
1356,20240312,23268,7770,955,54,10,2,8127.76,Damaged
1357,20250323,23272,7771,194,52,7,5,33986.04,Customer Changed Mind
1358,20250711,23324,7787,587,145,7,1,683.76,Quality Issue
1359,20251202,23332,7789,225,97,10,4,12103.95,Quality Issue
1360,20240918,23338,7791,285,168,6,3,7889.71,Quality Issue
1361,20240113,23375,7802,430,192,7,2,8980.98,Damaged
1362,20240801,23411,7815,451,163,10,1,7272.2,Incorrect Product
1363,20251027,23454,7826,650,112,9,2,13724.37,Customer Changed Mind
1364,20251027,23455,7826,650,175,9,2,22237.44,Customer Changed Mind
1365,20250414,23472,7832,922,174,10,2,4687.35,Incorrect Product
1366,20250831,23479,7834,953,40,3,5,26719.11,Customer Changed Mind
1367,20250831,23481,7834,953,146,3,1,4587.25,Customer Changed Mind
1368,20250822,23488,7838,581,179,8,2,8134.92,Damaged
1369,20241013,23495,7840,30,163,8,1,6643.63,Incorrect Product
1370,20250302,23504,7844,77,126,12,4,35753.67,Duplicate Order
1371,20250830,23531,7853,814,176,5,1,1861.07,Customer Changed Mind
1372,20240210,23538,7855,609,117,9,3,5944.37,Duplicate Order
1373,20240214,23583,7868,290,192,11,2,9444.74,Duplicate Order
1374,20241127,23602,7874,690,33,11,2,9271.89,Quality Issue
1375,20250428,23637,7887,249,111,9,3,18139.07,Quality Issue
1376,20251126,23670,7899,294,199,6,6,35120.93,Customer Changed Mind
1377,20240425,23674,7900,883,20,4,5,9178.91,Quality Issue
1378,20241024,23677,7902,720,20,4,3,6407.52,Quality Issue
1379,20240116,23698,7909,696,142,1,1,4447.16,Duplicate Order
1380,20250711,23713,7913,158,10,4,6,14436.55,Duplicate Order
1381,20240727,23744,7924,822,70,12,4,6033.22,Damaged
1382,20240317,23751,7927,508,17,5,1,2946.23,Duplicate Order
1383,20250717,23769,7933,763,50,9,4,5211.73,Customer Changed Mind
1384,20250304,23779,7935,879,190,8,1,1978.23,Incorrect Product
1385,20240331,23784,7937,731,123,11,6,34458.38,Quality Issue
1386,20240119,23790,7939,652,93,9,1,537.34,Incorrect Product
1387,20250426,23803,7942,248,47,11,1,3002.57,Damaged
1388,20251219,23808,7943,763,181,5,3,16455.04,Customer Changed Mind
1389,20250212,23842,7952,6,57,6,2,6656.79,Customer Changed Mind
1390,20250417,23852,7955,157,46,6,4,1302.95,Customer Changed Mind
1391,20250301,23871,7963,837,131,7,1,3947.77,Quality Issue
1392,20250328,23873,7964,645,64,5,1,2581.44,Damaged
1393,20240707,23880,7966,727,148,12,2,2107.66,Customer Changed Mind
1394,20250614,23924,7981,386,84,2,3,10560.23,Duplicate Order
1395,20250315,23958,7993,473,117,6,2,3316.56,Customer Changed Mind
1396,20241011,23977,7999,734,115,8,3,15619.48,Customer Changed Mind
1397,20250225,23990,8005,896,3,6,6,9700.76,Customer Changed Mind
1398,20250225,23992,8005,896,6,6,1,3950.95,Incorrect Product
1399,20240810,24058,8031,986,64,8,6,19478.45,Incorrect Product
1400,20250524,24076,8035,459,121,11,4,7704.09,Quality Issue
1401,20250506,24089,8039,829,139,7,2,10365.55,Damaged
1402,20250215,24095,8040,628,45,12,3,13063.19,Duplicate Order
1403,20240821,24113,8045,449,98,3,2,1561.9,Duplicate Order
1404,20251119,24142,8053,59,11,5,5,27729.95,Duplicate Order
1405,20251003,24175,8063,950,71,10,2,4690.63,Quality Issue
1406,20240712,24211,8076,458,110,12,1,95.72,Damaged
1407,20250804,24214,8077,685,57,8,2,7437.63,Incorrect Product
1408,20240611,24246,8089,675,60,5,3,2352.51,Incorrect Product
1409,20250831,24257,8093,579,21,9,1,3845.11,Customer Changed Mind
1410,20241103,24359,8127,2,34,7,7,2428.17,Customer Changed Mind
1411,20250624,24360,8128,519,84,5,5,22354.31,Damaged
1412,20250319,24396,8141,357,79,1,1,5642.82,Quality Issue
1413,20240430,24404,8143,655,41,1,1,4533.42,Duplicate Order
1414,20240430,24405,8143,655,135,1,5,24194.81,Customer Changed Mind
1415,20250801,24409,8144,813,3,2,7,8737.95,Incorrect Product
1416,20240503,24439,8152,97,64,9,3,8094.19,Damaged
1417,20240906,24441,8153,874,172,5,1,4127.01,Quality Issue
1418,20240906,24442,8153,874,120,5,1,593.64,Incorrect Product
1419,20240709,24445,8154,801,53,4,1,1170.53,Incorrect Product
1420,20251028,24450,8156,634,31,1,1,8736.4,Duplicate Order
1421,20240813,24457,8158,381,25,2,1,1625.51,Customer Changed Mind
1422,20241029,24473,8163,110,28,9,2,720.46,Incorrect Product
1423,20250415,24493,8170,861,142,1,1,4187.37,Customer Changed Mind
1424,20251023,24505,8174,643,8,3,1,6914.62,Duplicate Order
1425,20251023,24507,8174,643,93,3,1,707.92,Customer Changed Mind
1426,20250312,24548,8188,541,185,7,3,18963.1,Duplicate Order
1427,20251104,24567,8195,83,50,6,5,7467.34,Incorrect Product
1428,20251012,24584,8200,993,11,5,2,12857.73,Customer Changed Mind
1429,20251207,24589,8204,55,109,2,2,14455.01,Incorrect Product
1430,20240626,24636,8219,81,5,7,1,3520.51,Quality Issue
1431,20240731,24641,8221,16,14,12,1,3029.13,Customer Changed Mind
1432,20250225,24660,8226,459,35,8,3,4666.55,Quality Issue
1433,20250914,24693,8235,500,56,3,3,15621.95,Incorrect Product
1434,20250218,24707,8240,301,127,6,6,8916.46,Incorrect Product
1435,20250529,24725,8245,674,69,12,3,9725.44,Incorrect Product
1436,20250909,24729,8247,419,59,7,5,14344.36,Customer Changed Mind
1437,20250909,24731,8247,419,1,7,1,3619.84,Incorrect Product
1438,20250928,24762,8255,265,177,3,5,35473.41,Incorrect Product
1439,20250707,24765,8257,14,180,3,4,8113.66,Quality Issue
1440,20250221,24783,8265,582,2,3,6,32909.7,Customer Changed Mind
1441,20251220,24800,8271,784,56,12,1,5536.28,Damaged
1442,20250312,24808,8274,682,38,5,3,17503.06,Duplicate Order
1443,20250809,24811,8275,937,161,7,4,28136.1,Duplicate Order
1444,20240104,24820,8278,140,123,5,1,4649.25,Duplicate Order
1445,20251112,24828,8281,800,29,7,1,2724.77,Quality Issue
1446,20240421,24869,8291,664,114,9,1,1256.41,Incorrect Product
1447,20250120,24879,8295,53,75,11,2,16269.34,Quality Issue
1448,20251021,24909,8304,73,134,1,1,5405.86,Quality Issue
1449,20251021,24912,8304,73,81,1,1,1790.35,Quality Issue
1450,20240103,24920,8309,109,17,9,2,6076.4,Quality Issue
1451,20250902,24926,8313,832,86,12,1,7230.24,Duplicate Order
1452,20240328,24931,8315,223,163,2,5,33861.6,Duplicate Order
1453,20240209,24933,8316,605,53,3,1,1064.51,Damaged
1454,20250701,24961,8329,786,47,1,1,2555.64,Incorrect Product
1455,20250106,24970,8333,896,131,9,1,2684.94,Damaged
1456,20250117,24980,8337,677,49,9,3,12008.02,Duplicate Order
1457,20240120,24983,8338,979,156,3,1,3361.55,Incorrect Product
1458,20250208,24988,8340,434,108,10,3,21585.37,Duplicate Order
1459,20240314,25028,8350,805,142,2,2,6638.98,Customer Changed Mind
1460,20240714,25070,8365,178,48,4,4,21229.61,Quality Issue
1461,20241231,25089,8371,883,115,3,4,29041.29,Damaged
1462,20240303,25138,8386,737,190,1,3,5432.28,Quality Issue
1463,20241130,25143,8387,571,52,10,5,43806.97,Duplicate Order
1464,20251218,25156,8391,878,66,3,2,9160.3,Damaged
1465,20241031,25175,8397,713,4,4,2,2462.97,Damaged
1466,20241024,25252,8420,32,35,1,2,4300.44,Quality Issue
1467,20240504,25256,8422,57,109,11,2,12032.45,Incorrect Product
1468,20240215,25283,8428,469,76,2,3,8303.05,Damaged
1469,20241002,25286,8430,108,17,9,2,5379.87,Customer Changed Mind
1470,20250610,25301,8434,999,22,4,1,6402.42,Damaged
1471,20250116,25305,8435,460,142,4,4,16305.03,Quality Issue
1472,20250116,25308,8435,460,192,4,5,26654.9,Customer Changed Mind
1473,20241018,25340,8447,255,151,11,2,15827.04,Customer Changed Mind
1474,20240615,25356,8454,742,116,3,1,4821.69,Duplicate Order
1475,20241019,25369,8457,140,18,8,3,6459.55,Quality Issue
1476,20240601,25402,8468,275,24,5,1,4379.6,Duplicate Order
1477,20250605,25445,8483,442,107,12,1,1720.0,Customer Changed Mind
1478,20250223,25448,8484,1000,199,10,6,27771.12,Damaged
1479,20250903,25455,8486,301,78,8,5,24173.72,Damaged
1480,20250903,25509,8501,822,20,11,4,7465.15,Damaged
1481,20250903,25510,8501,822,144,11,1,8439.25,Quality Issue
1482,20240215,25534,8508,562,166,12,2,9868.67,Quality Issue
1483,20251218,25552,8515,486,170,11,1,927.6,Duplicate Order
1484,20241117,25566,8519,653,138,4,1,1812.08,Duplicate Order
1485,20250123,25589,8528,339,113,1,1,173.64,Customer Changed Mind
1486,20250304,25603,8533,625,78,1,2,10784.96,Duplicate Order
1487,20241006,25606,8534,883,200,4,5,23209.14,Incorrect Product
1488,20251129,25639,8546,822,145,10,1,684.21,Customer Changed Mind
1489,20250225,25641,8547,327,37,5,2,3772.35,Damaged
1490,20240810,25677,8560,782,200,3,6,20800.48,Damaged
1491,20251220,25699,8567,247,106,4,1,4400.54,Customer Changed Mind
1492,20250604,25722,8578,372,92,9,3,571.22,Duplicate Order
1493,20240424,25726,8580,691,98,6,4,2598.65,Incorrect Product
1494,20250914,25750,8590,36,175,9,3,22497.18,Customer Changed Mind
1495,20250613,25760,8592,672,126,1,2,15278.81,Customer Changed Mind
1496,20250315,25779,8600,4,29,4,6,11567.37,Incorrect Product
1497,20250315,25780,8600,4,184,4,2,10076.79,Quality Issue
1498,20250226,25805,8608,909,62,9,2,853.3,Quality Issue
1499,20251026,25807,8609,164,36,12,1,3727.79,Incorrect Product
1500,20250628,25819,8612,676,193,6,1,3535.19,Incorrect Product
1501,20250917,25826,8614,706,130,4,1,6267.38,Incorrect Product
1502,20250426,25880,8635,547,79,3,1,5497.68,Duplicate Order
1503,20241224,25886,8637,671,186,10,5,50655.84,Duplicate Order
1504,20240105,25922,8652,168,61,7,3,15955.33,Incorrect Product
1505,20241115,25966,8664,887,13,7,2,23673.67,Damaged
1506,20240128,25990,8671,954,25,6,3,4951.21,Quality Issue
1507,20241021,25994,8672,68,168,6,4,10884.12,Quality Issue
1508,20240429,26013,8678,133,82,2,4,4353.45,Damaged
1509,20241214,26028,8683,779,178,3,1,6440.26,Incorrect Product
1510,20241011,26042,8689,462,176,1,3,7367.73,Quality Issue
1511,20250325,26054,8693,488,41,6,1,2973.19,Quality Issue
1512,20250325,26055,8693,488,30,6,4,26671.07,Incorrect Product
1513,20240405,26062,8694,669,123,12,3,19020.91,Incorrect Product
1514,20240307,26080,8701,856,81,3,3,3135.52,Quality Issue
1515,20240908,26090,8704,689,39,4,4,19401.57,Duplicate Order
1516,20251001,26103,8709,814,176,11,3,6940.36,Quality Issue
1517,20250319,26107,8710,393,6,11,1,3030.44,Duplicate Order
1518,20251230,26108,8711,105,185,1,1,8281.12,Quality Issue
1519,20241021,26112,8712,614,77,12,1,5603.35,Damaged
1520,20250322,26117,8713,948,39,5,5,18640.62,Incorrect Product
1521,20250729,26152,8724,7,18,12,1,2411.91,Damaged
1522,20250927,26176,8731,637,44,12,2,16006.17,Customer Changed Mind
1523,20240219,26179,8732,259,155,8,2,7901.43,Customer Changed Mind
1524,20250520,26184,8734,828,72,6,2,10476.71,Customer Changed Mind
1525,20251018,26186,8735,479,16,6,1,2589.33,Incorrect Product
1526,20250607,26187,8736,915,43,2,1,4103.94,Damaged
1527,20240517,26198,8739,322,81,3,1,1361.55,Damaged
1528,20240317,26234,8752,573,92,11,4,1246.15,Damaged
1529,20240310,26264,8763,22,8,7,1,6994.28,Incorrect Product
1530,20240310,26265,8763,22,154,7,1,1836.92,Customer Changed Mind
1531,20240611,26269,8764,219,143,4,2,9538.15,Quality Issue
1532,20250911,26367,8797,16,34,7,1,277.08,Incorrect Product
1533,20250315,26376,8800,755,51,7,1,4516.39,Duplicate Order
1534,20250110,26388,8804,739,9,11,2,5075.95,Incorrect Product
1535,20250322,26395,8808,903,200,2,1,3280.17,Customer Changed Mind
1536,20250322,26397,8808,903,14,2,2,5486.65,Quality Issue
1537,20250604,26419,8818,701,132,1,2,12741.95,Customer Changed Mind
1538,20250707,26453,8829,770,126,2,1,7047.0,Quality Issue
1539,20240209,26463,8832,896,35,8,1,1287.57,Duplicate Order
1540,20250512,26485,8839,224,67,10,3,2756.07,Quality Issue
1541,20240909,26504,8845,590,134,11,7,31897.97,Duplicate Order
1542,20240624,26513,8848,629,50,3,1,1080.57,Quality Issue
1543,20240618,26523,8851,477,82,2,2,1867.3,Incorrect Product
1544,20240618,26524,8851,477,104,2,7,24408.26,Incorrect Product
1545,20240618,26526,8851,477,145,2,3,2080.02,Quality Issue
1546,20241013,26533,8854,303,77,3,1,4595.58,Duplicate Order
1547,20241214,26554,8859,934,130,6,1,8011.02,Damaged
1548,20240427,26561,8861,396,100,4,2,1097.12,Damaged
1549,20240303,26569,8864,701,153,10,2,569.86,Damaged
1550,20250612,26571,8865,69,199,9,6,37207.34,Quality Issue
1551,20240417,26590,8869,414,86,7,3,24697.82,Customer Changed Mind
1552,20240509,26597,8871,505,125,9,2,14983.15,Duplicate Order
1553,20240326,26610,8876,905,172,3,1,3155.8,Customer Changed Mind
1554,20250127,26645,8889,97,70,11,1,2088.29,Duplicate Order
1555,20250403,26653,8891,200,165,11,2,11391.67,Damaged
1556,20251108,26699,8907,926,75,8,2,15909.62,Duplicate Order
1557,20241214,26700,8908,683,3,6,3,3844.02,Customer Changed Mind
1558,20240123,26721,8913,628,162,6,1,2024.52,Incorrect Product
1559,20241015,26740,8920,480,167,6,4,2207.68,Incorrect Product
1560,20250612,26764,8927,729,92,9,4,1067.56,Incorrect Product
1561,20240506,26780,8932,195,13,11,1,8403.49,Damaged
1562,20251210,26786,8936,379,144,10,3,25327.38,Incorrect Product
1563,20240118,26788,8937,448,190,8,1,1980.52,Incorrect Product
1564,20251111,26823,8948,829,127,2,1,1975.02,Incorrect Product
1565,20241008,26840,8955,328,65,11,5,13246.44,Customer Changed Mind
1566,20250304,26859,8961,737,103,1,1,6980.5,Damaged
1567,20250414,26903,8974,934,191,1,1,5352.22,Damaged
1568,20251208,26906,8975,292,168,6,1,1950.78,Duplicate Order
1569,20241222,26911,8976,477,111,10,1,6531.05,Duplicate Order
1570,20240123,26913,8977,386,165,8,1,5295.74,Damaged
1571,20240209,26949,8988,530,50,4,4,4646.19,Damaged
1572,20240817,26957,8990,956,200,8,6,18149.81,Incorrect Product
1573,20250127,26966,8992,357,161,12,1,4378.38,Duplicate Order
1574,20240405,26995,9000,719,122,2,6,24374.79,Customer Changed Mind
1575,20251013,27029,9011,287,65,11,2,4913.91,Incorrect Product
1576,20240113,27045,9017,702,128,7,2,859.28,Incorrect Product
1577,20240831,27052,9019,907,183,5,6,29756.33,Damaged
1578,20241216,27056,9022,57,13,9,7,94642.08,Customer Changed Mind
1579,20250612,27063,9023,268,133,7,5,18822.03,Duplicate Order
1580,20250716,27066,9024,508,80,11,1,5790.49,Customer Changed Mind
1581,20250605,27068,9025,659,75,4,1,9018.26,Quality Issue
1582,20250605,27069,9025,659,89,4,1,7512.8,Incorrect Product
1583,20240202,27123,9043,403,148,7,2,2111.5,Duplicate Order
1584,20250326,27175,9063,747,29,12,3,6447.24,Incorrect Product
1585,20241230,27225,9079,173,164,9,2,13087.4,Damaged
1586,20251018,27258,9092,834,55,12,7,8205.47,Damaged
1587,20250716,27279,9100,291,189,11,2,4168.52,Damaged
1588,20250127,27286,9102,320,126,5,1,6744.2,Incorrect Product
1589,20240705,27291,9104,396,157,5,1,1007.01,Quality Issue
1590,20240705,27293,9104,396,15,5,1,4754.77,Incorrect Product
1591,20240116,27326,9113,496,143,6,4,25027.23,Duplicate Order
1592,20251202,27329,9114,619,102,11,3,19099.87,Duplicate Order
1593,20240603,27346,9120,337,188,11,1,3670.41,Duplicate Order
1594,20240310,27356,9126,241,117,11,4,9077.77,Customer Changed Mind
1595,20241121,27385,9133,81,137,3,1,1908.68,Customer Changed Mind
1596,20240725,27425,9146,832,152,8,3,15390.98,Duplicate Order
1597,20240422,27434,9149,174,190,8,3,5600.68,Quality Issue
1598,20240516,27442,9152,622,54,12,2,7385.95,Quality Issue
1599,20250520,27444,9153,403,95,2,3,13186.96,Incorrect Product
1600,20251226,27450,9154,618,185,7,4,31584.18,Customer Changed Mind
1601,20250314,27468,9158,632,169,5,1,3017.72,Quality Issue
1602,20250418,27487,9164,521,77,6,2,9511.9,Duplicate Order
1603,20250607,27495,9166,92,94,8,1,1707.35,Incorrect Product
1604,20250620,27539,9183,378,66,8,2,9417.2,Incorrect Product
1605,20250620,27549,9187,511,151,11,2,19090.58,Customer Changed Mind
1606,20250623,27560,9191,648,38,3,1,6767.84,Quality Issue
1607,20250316,27614,9208,993,168,5,2,3892.1,Damaged
1608,20240726,27619,9211,105,178,7,2,12443.37,Quality Issue
1609,20250913,27636,9217,69,67,6,3,3506.28,Damaged
1610,20240916,27641,9219,713,88,11,6,17194.44,Quality Issue
1611,20251113,27697,9237,939,18,6,2,5374.49,Damaged
1612,20240922,27717,9245,441,130,11,1,4952.33,Damaged
1613,20240719,27753,9256,324,88,9,1,4014.46,Damaged
1614,20240212,27795,9271,738,23,1,2,2741.6,Customer Changed Mind
1615,20240427,27817,9278,575,54,7,2,8059.71,Duplicate Order
1616,20240516,27826,9281,179,25,3,1,2183.83,Duplicate Order
1617,20250505,27855,9291,486,66,11,1,3765.89,Customer Changed Mind
1618,20251108,27863,9293,129,152,12,4,20363.1,Duplicate Order
1619,20250621,27922,9312,416,31,5,2,14053.45,Damaged
1620,20240921,27925,9313,480,192,6,2,8779.74,Customer Changed Mind
1621,20250508,27933,9315,64,125,2,1,7701.64,Customer Changed Mind
1622,20250912,27938,9316,587,132,3,1,7976.29,Duplicate Order
1623,20250202,27961,9324,861,52,12,1,7412.86,Damaged
1624,20240813,27966,9325,700,92,3,1,224.61,Damaged
1625,20240213,27968,9326,363,23,2,1,1632.26,Quality Issue
1626,20250506,28005,9336,399,116,11,1,5850.48,Damaged
1627,20240922,28016,9338,715,62,6,1,557.96,Duplicate Order
1628,20240213,28032,9342,881,66,12,2,10120.72,Duplicate Order
1629,20240127,28041,9345,238,188,4,1,3068.84,Customer Changed Mind
1630,20251114,28047,9347,344,99,9,4,18055.7,Duplicate Order
1631,20250724,28063,9354,348,12,6,1,2602.96,Duplicate Order
1632,20250724,28066,9354,348,199,6,2,9912.3,Damaged
1633,20250607,28073,9357,993,92,7,3,776.63,Quality Issue
1634,20240505,28080,9360,281,54,6,1,3608.71,Customer Changed Mind
1635,20250522,28098,9367,418,119,1,4,10883.2,Quality Issue
1636,20250522,28099,9367,418,98,1,4,2231.15,Customer Changed Mind
1637,20240707,28104,9369,684,17,11,1,2412.48,Incorrect Product
1638,20250324,28116,9373,329,121,4,3,5713.8,Duplicate Order
1639,20240319,28130,9377,968,70,7,1,1542.31,Incorrect Product
1640,20240714,28140,9380,333,42,2,1,4934.14,Duplicate Order
1641,20241215,28167,9389,793,35,12,2,3774.11,Customer Changed Mind
1642,20250409,28216,9409,284,51,8,4,14234.09,Duplicate Order
1643,20250514,28223,9410,845,83,10,1,1461.99,Customer Changed Mind
1644,20250203,28235,9415,557,15,4,2,10469.39,Quality Issue
1645,20250328,28241,9417,115,167,11,3,1455.18,Damaged
1646,20251006,28255,9421,522,77,8,1,5324.85,Incorrect Product
1647,20240802,28263,9424,45,151,5,2,15986.36,Quality Issue
1648,20240331,28265,9425,717,180,9,3,5841.83,Duplicate Order
1649,20240328,28269,9426,4,169,8,6,22103.42,Duplicate Order
1650,20240225,28321,9446,346,15,4,2,8571.45,Damaged
1651,20251218,28340,9452,988,83,10,7,13968.29,Quality Issue
1652,20250606,28355,9457,644,40,6,1,5793.54,Quality Issue
1653,20240707,28377,9462,717,111,8,1,5434.74,Damaged
1654,20250911,28383,9464,636,171,9,1,807.15,Damaged
1655,20250911,28384,9464,636,12,9,2,6379.45,Incorrect Product
1656,20241002,28409,9472,559,78,8,1,5402.13,Customer Changed Mind
1657,20240119,28416,9473,791,33,9,1,3710.67,Customer Changed Mind
1658,20241117,28443,9480,336,189,8,1,2487.15,Customer Changed Mind
1659,20240928,28448,9482,756,138,1,2,2371.75,Quality Issue
1660,20250815,28470,9488,17,116,9,1,5274.48,Customer Changed Mind
1661,20240608,28471,9489,1,7,4,6,910.1,Incorrect Product
1662,20251122,28478,9491,348,74,8,5,21888.29,Duplicate Order
1663,20241022,28497,9498,118,180,8,2,3319.75,Duplicate Order
1664,20240126,28518,9505,271,101,1,2,12902.45,Duplicate Order
1665,20241101,28528,9507,719,137,1,2,3201.92,Duplicate Order
1666,20240412,28552,9515,642,5,11,1,3552.86,Duplicate Order
1667,20241108,28565,9521,885,71,10,1,2379.13,Quality Issue
1668,20250626,28576,9524,368,170,3,1,855.31,Quality Issue
1669,20250107,28612,9535,449,140,9,3,3326.16,Damaged
1670,20250614,28620,9538,417,23,12,1,1958.03,Quality Issue
1671,20250614,28621,9538,417,13,12,1,8594.98,Duplicate Order
1672,20250614,28622,9538,417,166,12,4,22411.34,Quality Issue
1673,20251124,28624,9539,359,138,5,2,3876.03,Incorrect Product
1674,20240824,28636,9543,482,158,7,2,8033.64,Incorrect Product
1675,20250510,28648,9547,222,25,6,1,1988.33,Duplicate Order
1676,20250220,28695,9563,894,133,3,4,17394.15,Customer Changed Mind
1677,20250528,28698,9564,683,61,4,5,24546.15,Duplicate Order
1678,20241229,28723,9574,7,149,10,1,1419.92,Damaged
1679,20240209,28758,9585,833,172,9,1,3468.43,Customer Changed Mind
1680,20250621,28770,9589,990,193,2,3,13883.36,Incorrect Product
1681,20250522,28775,9590,69,124,9,7,29140.05,Customer Changed Mind
1682,20250526,28803,9600,924,149,2,2,3230.66,Quality Issue
1683,20240611,28815,9604,400,58,7,1,7190.36,Duplicate Order
1684,20251227,28844,9615,88,173,5,1,4538.34,Damaged
1685,20241115,28860,9619,397,97,7,4,14760.37,Customer Changed Mind
1686,20250423,28881,9626,415,143,6,3,19185.16,Incorrect Product
1687,20250718,28905,9634,36,96,4,1,3401.3,Damaged
1688,20251226,28931,9642,681,199,7,1,6619.2,Customer Changed Mind
1689,20251226,28933,9642,681,115,7,6,36776.36,Incorrect Product
1690,20241208,28958,9650,543,90,2,2,2917.64,Incorrect Product
1691,20240716,28966,9653,974,150,8,3,17355.28,Incorrect Product
1692,20251205,28973,9656,804,106,10,4,15961.22,Customer Changed Mind
1693,20251212,28985,9660,745,112,6,5,30432.98,Incorrect Product
1694,20251212,28986,9660,745,120,6,3,2361.83,Incorrect Product
1695,20241006,28991,9661,352,155,2,2,8047.28,Customer Changed Mind
1696,20250427,28997,9663,799,57,11,2,5954.76,Incorrect Product
1697,20250507,29041,9676,479,66,8,1,4222.26,Duplicate Order
1698,20250505,29091,9695,57,1,11,3,12433.93,Incorrect Product
1699,20250505,29093,9695,57,19,11,6,24344.82,Quality Issue
1700,20240201,29117,9703,169,69,4,4,18475.78,Quality Issue
1701,20250414,29132,9708,864,120,3,2,1595.23,Quality Issue
1702,20240124,29139,9709,584,141,2,3,5774.75,Damaged
1703,20240904,29167,9719,631,148,9,1,1042.68,Customer Changed Mind
1704,20250723,29184,9724,691,84,8,1,21029.8,Quality Issue
1705,20240719,29199,9730,754,31,12,4,21975.6,Customer Changed Mind
1706,20240211,29234,9746,387,143,11,3,19861.49,Customer Changed Mind
1707,20241018,29243,9748,870,59,9,2,6119.76,Duplicate Order
1708,20251021,29260,9753,403,63,11,4,27590.76,Duplicate Order
1709,20250726,29280,9761,815,24,12,3,13995.54,Incorrect Product
1710,20250208,29311,9773,994,98,9,2,1539.51,Quality Issue
1711,20250130,29387,9794,201,165,5,2,12323.18,Duplicate Order
1712,20250919,29389,9795,71,115,2,4,20843.72,Damaged
1713,20250918,29413,9802,483,75,1,1,7653.09,Quality Issue
1714,20241106,29434,9810,8,120,12,6,4919.22,Duplicate Order
1715,20251119,29477,9824,115,102,8,2,14940.28,Incorrect Product
1716,20240331,29512,9835,388,185,9,1,7785.38,Damaged
1717,20240710,29521,9837,90,121,3,1,1825.34,Customer Changed Mind
1718,20251215,29526,9838,77,87,6,1,4715.84,Customer Changed Mind
1719,20240208,29536,9842,751,151,2,1,7893.7,Duplicate Order
1720,20241108,29562,9852,127,15,5,2,8868.48,Damaged
1721,20241108,29571,9855,198,11,10,3,13298.77,Quality Issue
1722,20250711,29596,9862,62,96,3,1,3516.43,Customer Changed Mind
1723,20240623,29641,9880,399,9,4,2,5497.93,Duplicate Order
1724,20240509,29666,9886,379,28,10,2,749.82,Incorrect Product
1725,20250810,29672,9887,451,17,5,2,5011.48,Damaged
1726,20240211,29690,9893,532,55,6,5,4585.73,Quality Issue
1727,20240626,29695,9894,300,149,8,1,1636.04,Incorrect Product
1728,20240626,29696,9894,300,117,8,6,14224.14,Customer Changed Mind
1729,20251002,29703,9896,928,128,1,1,523.75,Incorrect Product
1730,20241004,29706,9898,1000,110,2,1,139.78,Quality Issue
1731,20240522,29720,9902,943,38,5,1,5978.63,Damaged
1732,20250413,29724,9903,504,184,3,3,15957.16,Customer Changed Mind
1733,20240611,29744,9910,714,183,12,7,29053.71,Duplicate Order
1734,20250516,29751,9912,594,129,9,1,4354.44,Incorrect Product
1735,20240407,29774,9922,33,3,1,1,1496.7,Incorrect Product
1736,20240407,29777,9922,33,179,1,1,3969.05,Quality Issue
1737,20250813,29798,9929,529,89,10,3,26899.78,Duplicate Order
1738,20250209,29813,9934,890,168,11,2,4718.89,Customer Changed Mind
1739,20250426,29820,9936,595,58,10,3,19376.43,Duplicate Order
1740,20240923,29824,9937,36,114,9,1,1167.49,Damaged
1741,20250226,29839,9944,868,29,4,1,2544.69,Customer Changed Mind
1742,20251223,29856,9950,910,108,11,3,23885.83,Customer Changed Mind
1743,20250516,29893,9964,225,114,8,1,1184.24,Damaged
1744,20240920,29896,9965,657,69,3,1,3013.22,Quality Issue
1745,20240709,29927,9974,508,146,4,1,4487.54,Damaged
1746,20240103,29978,9991,602,92,12,1,211.57,Damaged
1747,20240103,29979,9991,602,21,12,1,3001.25,Duplicate Order
1748,20240721,29983,9992,892,80,4,1,8401.37,Duplicate Order
1749,20240328,29988,9993,796,146,1,1,4782.52,Incorrect Product
1750,20251103,29991,9995,153,117,4,2,4546.44,Duplicate Order
1751,20240606,30003,9998,247,29,3,5,9997.76,Damaged
1752,20240515,30020,10005,315,118,8,1,7606.35,Damaged
1753,20251027,30024,10007,919,135,7,1,4742.14,Incorrect Product
1754,20240204,30072,10019,728,23,5,7,11474.69,Customer Changed Mind
1755,20250625,30077,10020,818,158,5,5,17278.16,Incorrect Product
1756,20240403,30092,10026,907,63,8,1,7531.85,Incorrect Product
1757,20241231,30097,10028,186,17,11,3,12839.3,Customer Changed Mind
1758,20250629,30102,10030,285,133,12,1,4137.81,Incorrect Product
1759,20250629,30104,10030,285,144,12,3,24935.28,Damaged
1760,20250908,30123,10037,367,188,4,3,8465.78,Damaged
1761,20240201,30145,10044,128,81,7,1,1226.26,Customer Changed Mind
1762,20240302,30157,10048,460,86,3,5,29308.74,Quality Issue
1763,20250131,30159,10050,676,64,7,1,2836.36,Customer Changed Mind
1764,20241128,30190,10063,578,140,9,3,4245.25,Damaged
1765,20240922,30233,10075,710,63,6,1,5462.08,Duplicate Order
1766,20241105,30260,10085,342,168,9,1,1839.49,Duplicate Order
1767,20241105,30262,10085,342,44,9,1,7456.76,Customer Changed Mind
1768,20240513,30291,10095,209,19,11,3,13554.44,Quality Issue
1769,20251201,30304,10098,123,61,7,2,8532.9,Damaged
1770,20250429,30332,10108,239,73,10,2,12336.98,Duplicate Order
1771,20240915,30346,10111,15,66,7,1,3861.79,Duplicate Order
1772,20250524,30391,10125,642,83,6,2,2364.39,Customer Changed Mind
1773,20250524,30393,10125,642,50,6,1,1225.42,Damaged
1774,20250930,30403,10128,942,189,9,1,2487.29,Incorrect Product
1775,20250726,30413,10131,946,34,7,2,590.77,Quality Issue
1776,20250610,30421,10133,130,2,8,4,34731.75,Quality Issue
1777,20250421,30454,10142,608,69,11,3,13599.14,Duplicate Order
1778,20250508,30459,10143,851,42,3,2,10698.76,Incorrect Product
1779,20250817,30467,10146,779,135,12,1,4772.75,Damaged
1780,20240104,30499,10158,618,104,1,5,17248.81,Quality Issue
1781,20240104,30500,10158,618,156,1,1,3732.01,Incorrect Product
1782,20240201,30545,10177,82,178,4,3,17518.34,Customer Changed Mind
1783,20240606,30549,10178,378,103,6,7,36792.35,Damaged
1784,20240304,30553,10179,448,11,4,1,5548.08,Duplicate Order
1785,20240304,30555,10179,448,155,4,5,21582.35,Damaged
1786,20250616,30566,10183,630,69,5,1,3553.94,Customer Changed Mind
1787,20250312,30588,10190,205,116,3,2,11251.61,Duplicate Order
1788,20241123,30615,10199,261,75,3,1,6627.9,Damaged
1789,20240726,30631,10205,799,153,5,2,453.12,Quality Issue
1790,20240125,30637,10207,679,110,12,5,443.08,Customer Changed Mind
1791,20240212,30639,10208,362,191,4,2,9677.77,Damaged
1792,20240706,30656,10216,764,127,4,2,2690.34,Duplicate Order
1793,20241102,30662,10217,112,119,2,1,2719.23,Incorrect Product
1794,20240413,30677,10222,777,183,10,4,18594.21,Customer Changed Mind
1795,20240708,30685,10224,569,36,10,5,13535.61,Incorrect Product
1796,20240414,30709,10231,725,30,11,1,8569.83,Damaged
1797,20240201,30727,10240,53,15,12,1,6602.48,Damaged
1798,20240601,30732,10243,38,76,5,1,4228.52,Duplicate Order
1799,20251019,30762,10252,745,32,7,3,16992.52,Duplicate Order
1800,20250108,30771,10255,20,4,6,2,1848.99,Duplicate Order
1801,20250316,30810,10269,505,187,9,5,32823.08,Incorrect Product
1802,20251123,30826,10276,207,31,4,2,14862.27,Incorrect Product
1803,20250117,30866,10289,837,106,2,3,12318.9,Customer Changed Mind
1804,20250212,30900,10302,972,183,7,1,4058.82,Quality Issue
1805,20251018,30907,10304,76,51,11,1,4392.03,Customer Changed Mind
1806,20240116,30922,10311,567,141,1,1,2008.14,Customer Changed Mind
1807,20240116,30924,10311,567,131,1,2,6852.59,Incorrect Product
1808,20250906,30945,10318,841,177,12,3,18396.28,Customer Changed Mind
1809,20250906,30946,10318,841,184,12,1,6063.44,Duplicate Order
1810,20250211,30965,10323,859,7,10,4,606.74,Damaged
1811,20250211,30967,10323,859,164,10,1,7554.23,Quality Issue
1812,20250610,30968,10324,11,17,1,1,2749.97,Customer Changed Mind
1813,20240102,30984,10330,864,35,9,4,4951.03,Duplicate Order
1814,20240628,31035,10350,479,23,1,6,11419.27,Quality Issue
1815,20241009,31049,10354,845,64,4,2,5454.46,Quality Issue
1816,20250617,31051,10356,5,111,5,1,5471.47,Damaged
1817,20240113,31066,10361,40,106,1,2,6946.9,Incorrect Product
1818,20250216,31079,10366,389,172,12,1,2575.33,Duplicate Order
1819,20241129,31088,10369,722,163,6,5,36453.01,Damaged
1820,20250925,31101,10372,445,110,9,3,288.66,Quality Issue
1821,20241109,31109,10374,507,69,4,2,7681.04,Customer Changed Mind
1822,20240302,31120,10378,517,139,10,3,19152.84,Customer Changed Mind
1823,20240302,31122,10378,517,160,10,1,2492.53,Quality Issue
1824,20240605,31123,10379,297,80,12,6,35358.51,Incorrect Product
1825,20250903,31127,10380,28,141,4,2,4813.79,Customer Changed Mind
1826,20250219,31131,10381,393,142,4,1,4455.86,Duplicate Order
1827,20250721,31167,10391,852,27,12,4,14647.55,Duplicate Order
1828,20241226,31188,10399,501,135,5,1,4851.34,Customer Changed Mind
1829,20250306,31227,10412,639,185,1,3,23900.77,Incorrect Product
1830,20251006,31247,10420,331,87,9,3,11819.51,Duplicate Order
1831,20240515,31263,10425,541,76,12,1,3247.4,Quality Issue
1832,20241118,31273,10429,529,79,7,1,5156.45,Duplicate Order
1833,20240127,31287,10433,948,14,12,2,6057.17,Quality Issue
1834,20251217,31312,10440,941,96,9,6,23895.27,Duplicate Order
1835,20250125,31321,10444,78,90,2,1,1450.4,Incorrect Product
1836,20241223,31342,10452,28,38,6,2,15126.02,Quality Issue
1837,20250704,31343,10453,823,194,9,3,24222.33,Quality Issue
1838,20240626,31350,10456,683,100,5,2,981.29,Duplicate Order
1839,20240602,31368,10462,134,194,5,3,26603.31,Customer Changed Mind
1840,20250521,31372,10463,717,2,7,3,16346.51,Incorrect Product
1841,20250325,31375,10464,476,191,5,2,12295.31,Damaged
1842,20250418,31381,10467,722,127,4,2,3032.28,Damaged
1843,20251117,31409,10474,155,84,1,1,4643.69,Quality Issue
1844,20240315,31430,10480,33,31,8,2,13098.38,Incorrect Product
1845,20240109,31470,10491,766,183,5,1,6007.27,Quality Issue
1846,20241121,31476,10493,496,100,3,6,3332.62,Quality Issue
1847,20250901,31484,10495,588,35,4,1,1701.48,Customer Changed Mind
1848,20250121,31489,10496,484,168,9,3,5004.63,Duplicate Order
1849,20250701,31530,10506,1,91,2,1,1681.66,Quality Issue
1850,20240127,31534,10507,1000,36,10,1,2274.65,Customer Changed Mind
1851,20240501,31593,10527,132,84,2,2,7887.59,Quality Issue
1852,20240613,31604,10533,353,56,9,6,35213.58,Duplicate Order
1853,20240622,31614,10537,898,145,5,5,2639.75,Duplicate Order
1854,20241017,31618,10538,877,19,8,1,4152.51,Duplicate Order
1855,20251121,31636,10543,232,106,9,3,12094.72,Customer Changed Mind
1856,20251110,31645,10545,3,17,3,1,3486.69,Incorrect Product
1857,20251116,31656,10549,683,124,4,1,5956.21,Damaged
1858,20241029,31669,10553,982,42,1,1,5569.31,Customer Changed Mind
1859,20250525,31681,10556,974,81,5,5,6892.0,Duplicate Order
1860,20240113,31701,10565,362,181,5,4,15298.9,Incorrect Product
1861,20240818,31749,10579,812,18,1,5,9893.05,Quality Issue
1862,20240806,31769,10583,174,11,5,2,8638.75,Customer Changed Mind
1863,20250705,31789,10589,840,165,10,7,32118.93,Incorrect Product
1864,20250302,31799,10592,64,84,2,5,20037.16,Damaged
1865,20251105,31804,10593,284,49,3,2,10529.31,Incorrect Product
1866,20240308,31817,10600,23,60,6,1,788.35,Customer Changed Mind
1867,20251212,31839,10612,489,1,8,3,16164.11,Quality Issue
1868,20251212,31840,10612,489,164,8,2,16545.76,Quality Issue
1869,20240702,31844,10613,978,66,9,6,30887.11,Customer Changed Mind
1870,20250708,31854,10617,919,89,5,3,20382.75,Damaged
1871,20240625,31856,10618,95,37,3,1,2426.35,Damaged
1872,20240909,31862,10620,678,166,3,2,8926.93,Damaged
1873,20250513,31867,10621,808,88,1,3,12213.13,Damaged
1874,20250220,31871,10623,649,180,5,4,6196.78,Incorrect Product
1875,20250220,31872,10623,649,81,5,2,3034.24,Customer Changed Mind
1876,20251102,31891,10629,163,107,4,1,2284.42,Quality Issue
1877,20241022,31897,10631,911,31,4,2,17872.13,Quality Issue
1878,20250518,31903,10634,992,149,10,2,2320.74,Incorrect Product
1879,20250902,31919,10641,510,54,11,1,4281.99,Incorrect Product
1880,20250528,31925,10643,242,198,7,2,7306.27,Duplicate Order
1881,20240521,31950,10649,599,67,3,2,2202.62,Damaged
1882,20251208,31956,10651,425,102,5,5,34663.96,Incorrect Product
1883,20250402,31965,10654,915,60,6,1,998.36,Duplicate Order
1884,20240624,31966,10655,908,109,10,2,11724.76,Incorrect Product
1885,20251012,31999,10665,203,118,2,1,6947.5,Incorrect Product
1886,20251210,32026,10673,51,97,10,1,3053.44,Customer Changed Mind
1887,20250503,32032,10675,191,160,2,1,2428.24,Customer Changed Mind
1888,20241229,32038,10677,143,125,8,2,16441.65,Duplicate Order
1889,20240203,32071,10685,207,21,11,1,3149.48,Duplicate Order
1890,20251106,32080,10688,863,32,1,7,30271.49,Customer Changed Mind
1891,20241130,32099,10697,763,165,1,2,14053.7,Incorrect Product
1892,20240807,32131,10710,657,45,2,1,4290.5,Duplicate Order
1893,20250505,32153,10715,845,76,7,6,20628.09,Customer Changed Mind
1894,20250908,32161,10717,301,46,2,2,718.61,Incorrect Product
1895,20250410,32162,10718,943,27,10,2,5615.89,Incorrect Product
1896,20250410,32163,10718,943,198,10,5,16350.23,Duplicate Order
1897,20251203,32169,10720,661,11,11,1,5973.54,Damaged
1898,20251212,32184,10724,425,46,11,3,1036.3,Quality Issue
1899,20250223,32229,10736,770,98,9,1,630.6,Quality Issue
1900,20240331,32232,10737,895,76,12,3,8153.24,Duplicate Order
1901,20250801,32238,10739,134,131,1,2,5969.19,Quality Issue
1902,20250726,32251,10744,465,53,6,2,2719.42,Incorrect Product
1903,20240424,32282,10755,769,41,3,6,27264.79,Quality Issue
1904,20250424,32293,10760,478,109,7,2,11077.34,Quality Issue
1905,20240823,32346,10775,516,147,1,7,5724.04,Damaged
1906,20250222,32353,10777,356,163,3,3,21363.51,Incorrect Product
1907,20251228,32382,10786,179,93,3,2,1245.5,Damaged
1908,20240728,32386,10787,978,112,3,3,18944.54,Duplicate Order
1909,20240502,32408,10792,999,1,7,4,18999.47,Duplicate Order
1910,20240423,32414,10794,160,162,9,7,18657.53,Duplicate Order
1911,20240128,32432,10799,960,27,6,1,3238.98,Duplicate Order
1912,20250618,32451,10806,39,70,2,1,1958.19,Damaged
1913,20240220,32460,10809,858,16,8,3,6967.9,Customer Changed Mind
1914,20240302,32516,10824,898,134,1,1,4440.88,Quality Issue
1915,20250702,32520,10825,146,67,11,6,5375.02,Quality Issue
1916,20241102,32527,10827,722,91,11,1,2102.51,Duplicate Order
1917,20251113,32548,10834,834,179,3,1,5074.73,Damaged
1918,20250822,32561,10839,891,74,4,1,4223.59,Damaged
1919,20240714,32588,10850,768,102,6,2,11683.07,Customer Changed Mind
1920,20250731,32618,10859,697,185,12,2,13288.63,Quality Issue
1921,20240822,32622,10860,786,29,5,3,6630.2,Damaged
1922,20250103,32643,10868,470,122,1,3,14165.7,Incorrect Product
1923,20240502,32657,10872,510,167,10,1,409.28,Incorrect Product
1924,20251030,32673,10876,331,90,3,2,3319.16,Quality Issue
1925,20250627,32688,10882,680,30,7,2,11563.74,Customer Changed Mind
1926,20240320,32696,10885,231,123,8,2,10344.47,Damaged
1927,20241201,32701,10886,890,141,11,4,12585.13,Duplicate Order
1928,20250802,32716,10891,459,31,7,3,17235.01,Incorrect Product
1929,20251117,32756,10905,952,13,12,1,11225.18,Duplicate Order
1930,20250409,32793,10917,318,25,3,3,6878.36,Customer Changed Mind
1931,20240813,32821,10928,318,85,10,2,935.87,Damaged
1932,20240813,32824,10928,318,66,10,5,25466.94,Duplicate Order
1933,20250106,32834,10931,658,63,4,1,7176.21,Quality Issue
1934,20251210,32858,10941,402,153,7,4,1292.09,Duplicate Order
1935,20240216,32874,10946,710,81,7,5,5824.4,Duplicate Order
1936,20240216,32878,10946,710,117,7,6,11123.54,Duplicate Order
1937,20241221,32885,10949,485,71,4,5,11835.38,Duplicate Order
1938,20250925,32891,10950,486,90,12,1,1293.79,Quality Issue
1939,20240110,32905,10955,993,158,4,6,21604.56,Customer Changed Mind
1940,20250412,32933,10964,108,4,10,2,1646.19,Customer Changed Mind
1941,20240604,32955,10970,80,93,5,2,1529.34,Duplicate Order
1942,20250515,32962,10972,719,88,12,6,26298.96,Customer Changed Mind
1943,20240310,32976,10977,483,88,11,7,26365.55,Customer Changed Mind
1944,20241025,32988,10979,691,76,3,1,3462.4,Quality Issue
1945,20240429,32995,10982,448,83,11,1,1182.53,Duplicate Order
1946,20240604,33001,10983,704,70,1,5,7804.7,Damaged
1947,20250506,33015,10986,232,168,2,6,14530.72,Quality Issue
1948,20240602,33026,10991,326,56,8,1,4506.06,Duplicate Order
1949,20240117,33047,10998,158,193,7,1,4594.82,Damaged
1950,20240109,33051,10999,992,30,4,4,37763.43,Quality Issue
1951,20250119,33077,11010,673,171,4,2,1763.09,Damaged
1952,20241030,33097,11017,722,78,4,2,14416.76,Quality Issue
1953,20241030,33099,11017,722,15,4,3,21158.47,Customer Changed Mind
1954,20251016,33103,11018,141,175,5,1,7418.78,Quality Issue
1955,20241004,33138,11029,498,141,7,1,2842.28,Duplicate Order
1956,20240812,33153,11035,670,100,3,2,875.78,Duplicate Order
1957,20250707,33155,11036,14,109,4,4,26386.62,Quality Issue
1958,20240326,33166,11040,997,103,9,1,5850.19,Incorrect Product
1959,20241104,33173,11042,337,173,2,2,9484.69,Customer Changed Mind
1960,20240718,33182,11045,341,160,4,1,2315.22,Incorrect Product
1961,20240718,33184,11045,341,161,4,1,4761.72,Damaged
1962,20250409,33199,11050,560,56,4,3,19417.78,Quality Issue
1963,20240610,33209,11053,712,51,10,2,9598.6,Incorrect Product
1964,20241026,33223,11058,714,165,9,1,6387.87,Incorrect Product
1965,20240816,33251,11068,30,11,3,3,15451.62,Quality Issue
1966,20240816,33252,11068,30,19,3,1,3539.0,Incorrect Product
1967,20240905,33259,11071,479,52,2,2,14962.77,Customer Changed Mind
1968,20241009,33262,11072,324,58,9,1,11714.22,Duplicate Order
1969,20250504,33290,11082,596,121,10,4,7872.43,Quality Issue
1970,20241123,33301,11086,44,110,8,3,341.3,Damaged
1971,20240222,33306,11087,982,118,8,1,6086.38,Incorrect Product
1972,20240103,33315,11091,197,96,3,1,4109.61,Quality Issue
1973,20250707,33331,11096,619,75,8,2,12168.21,Damaged
1974,20250707,33333,11096,619,113,8,1,145.93,Damaged
1975,20250326,33350,11103,504,107,1,3,4919.39,Customer Changed Mind
1976,20250826,33374,11112,55,37,11,1,2378.32,Customer Changed Mind
1977,20250512,33400,11120,688,166,12,2,12384.56,Duplicate Order
1978,20250516,33403,11122,5,143,2,1,4920.99,Quality Issue
1979,20250409,33423,11127,914,81,8,1,1380.6,Damaged
1980,20250828,33434,11132,352,158,10,1,3668.36,Duplicate Order
1981,20251108,33443,11135,645,129,8,2,10477.07,Incorrect Product
1982,20250309,33511,11160,119,6,9,5,16636.38,Incorrect Product
1983,20251006,33530,11166,812,178,10,2,10404.99,Customer Changed Mind
1984,20250917,33536,11169,533,59,2,6,17539.39,Quality Issue
1985,20250806,33554,11176,977,162,8,1,2153.74,Customer Changed Mind
1986,20250806,33555,11176,977,108,8,4,30267.19,Customer Changed Mind
1987,20250607,33572,11181,634,162,8,4,11167.47,Damaged
1988,20241207,33586,11187,674,34,4,3,804.24,Damaged
1989,20241028,33587,11188,770,184,11,1,6684.02,Quality Issue
1990,20251105,33593,11189,624,97,6,1,2744.72,Customer Changed Mind
1991,20250923,33597,11190,878,196,11,1,2508.63,Customer Changed Mind
1992,20240421,33652,11206,956,75,2,1,6951.8,Damaged
1993,20240227,33674,11212,902,63,12,4,27515.41,Duplicate Order
1994,20240612,33723,11229,76,52,2,2,15232.01,Customer Changed Mind
1995,20240920,33749,11240,66,96,7,7,29897.18,Incorrect Product
1996,20250809,33763,11244,417,53,12,1,1312.41,Incorrect Product
1997,20241031,33767,11246,496,122,4,2,9941.31,Duplicate Order
1998,20240423,33774,11249,603,87,8,2,6678.26,Incorrect Product
1999,20250813,33807,11259,484,197,7,2,10316.42,Incorrect Product
2000,20240115,33814,11262,998,39,12,1,3915.55,Duplicate Order
2001,20240507,33820,11264,745,79,7,1,5575.62,Incorrect Product
2002,20250110,33845,11273,17,159,4,1,2686.88,Damaged
2003,20240325,33868,11279,847,128,5,2,733.26,Customer Changed Mind
2004,20240531,33873,11282,217,18,12,2,4183.06,Incorrect Product
2005,20240531,33874,11282,217,90,12,2,3386.22,Damaged
2006,20250129,33876,11283,853,48,1,1,6364.86,Incorrect Product
2007,20251112,33881,11284,882,23,12,1,1887.11,Damaged
2008,20251010,33890,11288,812,37,5,4,7855.79,Customer Changed Mind
2009,20250404,33902,11291,158,15,12,1,5772.93,Damaged
2010,20240426,33913,11294,911,7,5,2,330.64,Damaged
2011,20240414,33919,11295,446,4,8,2,1991.1,Duplicate Order
2012,20250917,33942,11303,988,85,4,2,1016.03,Damaged
2013,20250315,33976,11315,979,195,11,2,15674.7,Incorrect Product
2014,20240803,34004,11327,872,82,11,1,690.63,Quality Issue
2015,20241030,34055,11348,702,91,5,1,1675.72,Customer Changed Mind
2016,20240629,34079,11355,447,111,12,2,10954.16,Duplicate Order
2017,20251028,34110,11365,336,163,6,1,8038.49,Incorrect Product
2018,20251028,34111,11365,336,142,6,4,19271.98,Damaged
2019,20251212,34120,11367,1,42,7,1,6421.82,Incorrect Product
2020,20250624,34130,11370,650,89,9,6,51451.32,Customer Changed Mind
2021,20240323,34150,11378,198,188,10,1,3949.77,Quality Issue
2022,20250206,34204,11396,540,138,7,2,2484.89,Incorrect Product
2023,20250627,34212,11398,154,174,1,1,1833.63,Duplicate Order
2024,20250624,34215,11399,825,98,7,1,789.24,Duplicate Order
2025,20240902,34218,11401,413,8,5,2,13016.54,Quality Issue
2026,20250320,34221,11402,532,182,6,7,24639.13,Quality Issue
2027,20240611,34241,11409,398,64,5,1,2414.49,Damaged
2028,20250809,34244,11411,515,142,2,6,29006.11,Duplicate Order
2029,20251001,34281,11420,94,107,8,2,4913.08,Incorrect Product
2030,20251017,34285,11421,540,85,2,1,467.81,Quality Issue
2031,20240810,34287,11422,931,83,1,2,3118.37,Quality Issue
2032,20251128,34295,11425,705,118,11,4,38553.74,Quality Issue
2033,20251128,34296,11425,705,110,11,2,240.31,Incorrect Product
2034,20250925,34300,11426,492,158,12,1,3999.62,Quality Issue
2035,20240629,34310,11428,570,149,11,3,3762.62,Quality Issue
2036,20250207,34313,11429,892,184,10,1,5661.37,Damaged
2037,20241030,34319,11430,364,116,9,4,29225.59,Incorrect Product
2038,20251120,34359,11444,64,178,12,1,9115.2,Quality Issue
2039,20251124,34363,11445,76,51,3,1,3878.36,Duplicate Order
2040,20250809,34366,11446,853,68,9,1,995.14,Duplicate Order
2041,20250104,34368,11447,385,197,9,1,5101.02,Incorrect Product
2042,20251126,34382,11450,77,168,11,2,5628.22,Quality Issue
2043,20240812,34424,11465,461,13,1,2,18826.95,Customer Changed Mind
2044,20250303,34434,11471,125,54,11,3,10517.76,Duplicate Order
2045,20241221,34457,11478,985,157,10,2,3233.07,Damaged
2046,20240820,34500,11491,166,153,5,1,254.48,Duplicate Order
2047,20250710,34530,11503,1000,132,4,1,7088.28,Damaged
2048,20240919,34537,11507,878,183,10,1,6689.94,Quality Issue
2049,20250416,34549,11511,773,162,3,4,6517.87,Incorrect Product
2050,20250628,34575,11516,450,185,2,5,37545.26,Customer Changed Mind
2051,20240428,34588,11520,300,102,7,1,6249.63,Duplicate Order
2052,20250529,34610,11525,230,159,2,1,2610.38,Quality Issue
2053,20240325,34625,11530,556,151,2,1,8345.29,Incorrect Product
2054,20250408,34628,11532,217,79,10,1,5177.99,Duplicate Order
2055,20250315,34660,11544,269,138,11,1,1680.09,Duplicate Order
2056,20250517,34674,11549,953,121,1,1,1376.53,Customer Changed Mind
2057,20240907,34676,11550,941,49,1,3,10042.67,Incorrect Product
2058,20250828,34699,11559,75,138,1,5,7633.31,Quality Issue
2059,20250106,34705,11562,822,26,11,5,15289.44,Quality Issue
2060,20241004,34716,11565,532,171,3,2,1559.37,Damaged
2061,20240319,34732,11570,755,19,12,4,18395.24,Customer Changed Mind
2062,20240222,34737,11571,818,102,1,1,6652.22,Customer Changed Mind
2063,20240109,34756,11577,605,166,11,3,18643.84,Incorrect Product
2064,20240111,34768,11580,970,31,2,1,7448.74,Damaged
2065,20250111,34773,11583,837,190,10,4,8670.98,Customer Changed Mind
2066,20250111,34777,11583,837,4,10,5,5772.88,Customer Changed Mind
2067,20251209,34802,11591,276,162,6,2,4883.46,Customer Changed Mind
2068,20241004,34806,11592,90,55,12,5,4980.27,Duplicate Order
2069,20250515,34809,11594,83,131,10,6,17777.03,Duplicate Order
2070,20240405,34811,11595,779,128,9,4,1756.49,Duplicate Order
2071,20240908,34846,11610,529,15,12,4,18350.89,Quality Issue
2072,20240807,34850,11611,604,138,12,4,4538.75,Customer Changed Mind
2073,20240420,34856,11613,265,196,5,4,10517.08,Quality Issue
2074,20240516,34864,11614,264,19,1,1,4949.68,Incorrect Product
2075,20240128,34874,11617,463,109,4,4,25784.85,Incorrect Product
2076,20240722,34898,11624,384,165,7,6,40139.23,Quality Issue
2077,20251106,34913,11628,90,79,5,2,8628.51,Duplicate Order
2078,20250915,34914,11629,947,47,8,2,5220.22,Customer Changed Mind
2079,20241129,34932,11634,236,132,12,3,22117.78,Quality Issue
2080,20250319,34961,11645,939,70,8,4,7219.94,Incorrect Product
2081,20241128,34963,11647,704,75,4,2,19056.66,Duplicate Order
2082,20240513,34968,11648,888,142,3,1,5152.57,Damaged
2083,20241005,35000,11663,229,111,6,2,12986.66,Duplicate Order
2084,20241005,35001,11663,229,192,6,3,13450.18,Incorrect Product
2085,20250924,35017,11668,102,78,3,2,8978.12,Quality Issue
2086,20240126,35087,11688,464,1,8,4,22673.38,Duplicate Order
2087,20250302,35100,11691,836,21,2,5,13251.22,Duplicate Order
2088,20241223,35104,11692,459,133,2,1,4081.96,Customer Changed Mind
2089,20240419,35110,11694,246,97,8,3,9767.11,Incorrect Product
2090,20240618,35128,11699,989,149,9,1,1355.29,Damaged
2091,20240720,35139,11702,111,193,8,4,15763.9,Quality Issue
2092,20240612,35142,11703,164,74,9,4,16515.21,Incorrect Product
2093,20240211,35228,11736,793,61,7,3,12659.13,Damaged
2094,20251227,35233,11739,94,106,3,1,3526.1,Customer Changed Mind
2095,20250702,35257,11748,959,173,9,3,15394.6,Customer Changed Mind
2096,20251001,35269,11753,401,71,5,3,6126.01,Duplicate Order
2097,20251224,35274,11754,514,85,12,3,1563.75,Customer Changed Mind
2098,20240919,35278,11756,267,70,5,6,8722.02,Incorrect Product
2099,20240922,35290,11760,323,185,12,2,17302.64,Quality Issue
2100,20240321,35293,11761,382,117,6,1,2019.97,Damaged
2101,20241003,35310,11766,327,146,2,5,28525.69,Duplicate Order
2102,20251202,35321,11769,524,159,4,1,2959.29,Damaged
2103,20250727,35351,11779,767,38,6,2,16724.95,Damaged
2104,20250616,35361,11783,274,181,4,1,4533.26,Duplicate Order
2105,20250618,35377,11787,410,49,12,4,16648.21,Customer Changed Mind
2106,20250613,35381,11788,376,29,11,1,1836.15,Duplicate Order
2107,20250618,35389,11791,873,8,6,4,20793.6,Incorrect Product
2108,20240103,35408,11797,851,152,3,4,20025.13,Customer Changed Mind
2109,20241128,35429,11803,754,46,4,5,2177.24,Duplicate Order
2110,20241128,35431,11803,754,65,4,2,4823.85,Damaged
2111,20240623,35453,11812,120,123,12,1,4938.49,Customer Changed Mind
2112,20240528,35457,11813,697,151,5,1,7110.29,Damaged
2113,20241225,35463,11815,418,173,7,4,20913.64,Quality Issue
2114,20240426,35471,11817,999,102,3,2,14807.69,Duplicate Order
2115,20250311,35485,11822,505,73,5,2,10539.65,Quality Issue
2116,20240315,35495,11824,375,145,1,5,3260.86,Incorrect Product
2117,20250817,35499,11825,428,142,5,5,18325.54,Customer Changed Mind
2118,20251102,35530,11835,690,74,2,3,16058.19,Duplicate Order
2119,20250511,35557,11846,841,94,11,2,2770.02,Damaged
2120,20250704,35562,11848,317,29,5,1,1858.38,Incorrect Product
2121,20240229,35566,11849,889,13,1,3,33202.29,Incorrect Product
2122,20240511,35574,11852,843,129,7,4,18278.83,Duplicate Order
2123,20250105,35578,11853,480,143,10,1,7675.8,Customer Changed Mind
2124,20250925,35592,11858,532,104,9,1,4615.7,Incorrect Product
2125,20240111,35593,11859,271,169,2,1,3012.35,Incorrect Product
2126,20241107,35651,11877,270,159,8,5,14443.5,Quality Issue
2127,20240828,35654,11878,265,59,6,1,2901.75,Duplicate Order
2128,20250809,35666,11881,469,167,2,5,2499.79,Damaged
2129,20250210,35677,11887,415,63,6,3,19846.61,Duplicate Order
2130,20241002,35690,11891,376,104,7,1,5684.34,Damaged
2131,20240427,35716,11901,698,77,2,2,8387.25,Customer Changed Mind
2132,20251211,35734,11907,620,178,7,2,10906.3,Quality Issue
2133,20251211,35736,11907,620,120,7,1,657.75,Customer Changed Mind
2134,20250725,35741,11910,593,82,6,1,834.14,Quality Issue
2135,20240118,35753,11914,833,121,5,1,1958.99,Customer Changed Mind
2136,20251026,35759,11918,960,183,12,2,13093.13,Incorrect Product
2137,20240914,35795,11931,499,168,6,4,8212.35,Incorrect Product
2138,20250923,35804,11934,335,39,11,1,4525.07,Quality Issue
2139,20240212,35831,11941,947,166,7,1,5940.02,Duplicate Order
2140,20241007,35837,11942,781,165,6,1,7683.51,Customer Changed Mind
2141,20241019,35844,11944,429,3,6,1,1245.79,Duplicate Order
2142,20250412,35851,11946,646,156,7,4,13575.46,Customer Changed Mind
2143,20240510,35889,11958,510,113,8,2,324.18,Incorrect Product
2144,20250205,35907,11965,659,187,7,2,14810.07,Damaged
2145,20250219,35915,11968,949,48,6,2,13338.02,Incorrect Product
2146,20240911,35926,11971,129,35,5,1,1904.94,Incorrect Product
2147,20250222,35953,11979,282,77,9,1,4402.13,Customer Changed Mind
2148,20240719,36020,12001,280,43,7,3,13810.29,Damaged
2149,20240520,36028,12003,729,119,11,1,3380.6,Damaged
2150,20240419,36032,12004,590,71,12,3,6719.34,Damaged
2151,20250312,36046,12008,621,19,5,6,20520.9,Customer Changed Mind
2152,20250203,36052,12010,38,88,7,5,19608.58,Damaged
2153,20240514,36062,12012,28,51,1,4,19736.55,Damaged
2154,20240219,36121,12030,641,90,2,5,6396.61,Damaged
2155,20250104,36124,12031,358,77,12,1,3208.08,Duplicate Order
2156,20241018,36131,12033,836,83,2,1,1646.94,Damaged
2157,20240307,36134,12034,334,101,12,1,5012.8,Duplicate Order
2158,20250905,36137,12035,42,97,7,4,13694.16,Incorrect Product
2159,20241023,36142,12036,323,63,3,2,14980.04,Damaged
2160,20241209,36147,12037,282,164,3,2,13573.8,Quality Issue
2161,20250719,36176,12048,179,144,5,2,18074.47,Quality Issue
2162,20240117,36182,12050,406,194,5,3,20792.98,Incorrect Product
2163,20251116,36222,12064,614,56,6,4,25009.67,Duplicate Order
2164,20240328,36232,12067,816,12,4,1,2223.27,Damaged
2165,20240328,36235,12067,816,7,4,1,169.91,Customer Changed Mind
2166,20241231,36243,12070,375,185,12,1,9228.73,Duplicate Order
2167,20250725,36245,12071,762,64,9,2,5148.51,Duplicate Order
2168,20250601,36251,12073,207,89,3,5,37232.15,Incorrect Product
2169,20250601,36252,12073,207,180,3,1,1935.89,Customer Changed Mind
2170,20240713,36260,12075,487,120,7,3,2422.7,Quality Issue
2171,20250124,36273,12079,400,113,8,1,199.56,Customer Changed Mind
2172,20250531,36287,12084,769,42,10,5,25764.44,Incorrect Product
2173,20251128,36334,12097,490,63,3,2,13890.75,Damaged
2174,20240821,36335,12098,876,116,8,5,26103.78,Incorrect Product
2175,20250928,36341,12099,655,10,12,2,4474.0,Incorrect Product
2176,20240902,36368,12109,918,144,12,1,6454.88,Customer Changed Mind
2177,20241024,36384,12114,512,92,3,1,361.31,Duplicate Order
2178,20250913,36403,12121,979,80,5,3,26761.88,Quality Issue
2179,20250913,36405,12121,979,57,5,1,2882.22,Quality Issue
2180,20240714,36411,12123,222,33,7,4,13295.54,Quality Issue
2181,20241023,36424,12128,505,34,1,2,662.86,Duplicate Order
2182,20250530,36438,12133,130,160,11,3,7466.42,Duplicate Order
2183,20250126,36442,12134,657,134,3,1,5139.63,Damaged
2184,20250612,36490,12155,199,94,1,5,6666.79,Incorrect Product
2185,20250322,36510,12162,732,176,3,3,5253.3,Incorrect Product
2186,20240413,36522,12166,110,29,7,1,2251.38,Duplicate Order
2187,20251201,36542,12172,837,98,8,3,2138.45,Customer Changed Mind
2188,20250922,36557,12175,169,25,9,2,3674.34,Incorrect Product
2189,20240411,36584,12183,95,99,2,4,19337.04,Incorrect Product
2190,20240810,36593,12185,974,99,4,2,7285.55,Duplicate Order
2191,20240712,36600,12187,35,52,11,2,16860.36,Damaged
2192,20250728,36608,12190,734,122,5,1,3867.06,Damaged
2193,20241123,36631,12198,782,31,8,2,15910.57,Incorrect Product
2194,20241001,36709,12224,816,75,10,1,7626.48,Damaged
2195,20241001,36710,12224,816,83,10,7,10991.19,Damaged
2196,20240717,36714,12225,126,48,6,1,8200.95,Quality Issue
2197,20241218,36720,12227,509,167,4,1,658.91,Incorrect Product
2198,20250418,36729,12229,382,5,4,1,4265.58,Customer Changed Mind
2199,20241031,36744,12235,418,109,4,1,9397.45,Incorrect Product
2200,20250125,36763,12240,100,59,12,2,5524.54,Quality Issue
2201,20241012,36773,12244,647,109,2,3,20060.95,Incorrect Product
2202,20240405,36793,12249,935,108,12,2,13334.62,Customer Changed Mind
2203,20250124,36829,12262,686,16,11,5,11158.5,Duplicate Order
2204,20240124,36882,12278,175,76,10,3,11054.5,Incorrect Product
2205,20240426,36889,12281,825,157,7,1,1235.66,Incorrect Product
2206,20251006,36895,12282,167,73,6,7,45166.94,Customer Changed Mind
2207,20240924,36912,12288,913,23,4,1,1398.47,Customer Changed Mind
2208,20240329,36924,12293,550,72,12,2,11385.39,Quality Issue
2209,20250615,36944,12301,72,120,12,3,2056.6,Quality Issue
2210,20250930,36946,12302,267,149,9,1,1104.24,Incorrect Product
2211,20240107,36968,12310,370,36,6,6,16743.08,Customer Changed Mind
2212,20250923,36986,12317,285,135,11,2,7230.63,Quality Issue
2213,20240124,36994,12320,880,158,9,1,4351.06,Quality Issue
2214,20250929,37049,12339,118,5,10,3,9073.94,Quality Issue
2215,20251026,37071,12346,458,40,7,2,14425.18,Duplicate Order
2216,20240605,37097,12353,892,43,11,2,7664.63,Damaged
2217,20250827,37103,12356,843,24,4,2,8405.32,Incorrect Product
2218,20240902,37126,12362,998,173,7,3,13383.68,Damaged
2219,20251010,37146,12368,322,167,1,4,2835.23,Damaged
2220,20240730,37163,12372,339,175,10,1,7186.87,Customer Changed Mind
2221,20251002,37173,12377,290,43,10,5,27273.15,Incorrect Product
2222,20240920,37178,12378,57,68,4,1,1101.29,Damaged
2223,20251025,37188,12381,181,161,4,1,8874.43,Incorrect Product
2224,20240306,37235,12395,611,152,7,2,8406.26,Quality Issue
2225,20240306,37236,12395,611,161,7,3,13672.72,Customer Changed Mind
2226,20240306,37260,12402,113,20,9,1,2319.36,Duplicate Order
2227,20240116,37266,12405,242,34,3,1,250.73,Quality Issue
2228,20250729,37271,12408,131,9,8,3,8843.04,Customer Changed Mind
2229,20251109,37285,12412,629,128,7,4,2052.7,Incorrect Product
2230,20250116,37288,12413,265,195,10,6,44685.75,Damaged
2231,20240528,37295,12415,103,133,4,2,8790.63,Quality Issue
2232,20251228,37300,12416,127,132,6,1,7684.24,Duplicate Order
2233,20251101,37325,12424,824,80,7,3,21066.71,Duplicate Order
2234,20240512,37335,12427,761,80,9,3,24139.86,Duplicate Order
2235,20250729,37337,12428,333,66,9,6,23664.42,Duplicate Order
2236,20240607,37375,12442,569,15,10,2,12124.6,Damaged
2237,20240404,37385,12447,681,33,12,1,2648.17,Customer Changed Mind
2238,20250509,37391,12448,260,57,9,1,3450.69,Incorrect Product
2239,20240522,37393,12449,857,143,11,2,11127.51,Damaged
2240,20240402,37407,12452,280,112,10,3,15301.36,Incorrect Product
2241,20241112,37420,12455,266,133,3,3,13029.32,Incorrect Product
2242,20240326,37453,12466,997,71,12,1,1740.18,Duplicate Order
2243,20250313,37481,12475,631,27,11,1,3062.04,Incorrect Product
2244,20250130,37506,12484,398,128,1,3,1570.23,Duplicate Order
2245,20240611,37516,12488,519,180,1,4,8141.98,Duplicate Order
2246,20241217,37562,12506,866,180,11,2,3693.45,Damaged
2247,20250616,37586,12512,801,78,12,1,4073.4,Duplicate Order
2248,20250616,37587,12512,801,99,12,1,4109.71,Quality Issue
2249,20240905,37592,12513,357,25,12,1,1903.13,Incorrect Product
2250,20251026,37607,12519,914,173,4,1,4754.34,Incorrect Product
2251,20250623,37631,12525,305,45,6,2,8836.78,Customer Changed Mind
2252,20251228,37666,12537,167,50,11,3,4789.93,Incorrect Product
2253,20250321,37690,12542,777,140,7,3,3706.46,Incorrect Product
2254,20251202,37693,12544,147,51,6,4,16888.04,Customer Changed Mind
2255,20251201,37716,12552,407,135,3,2,12014.84,Incorrect Product
2256,20250523,37782,12572,163,132,5,1,6399.97,Customer Changed Mind
2257,20240818,37800,12578,886,87,8,6,21842.64,Duplicate Order
2258,20240416,37810,12580,532,167,5,1,519.45,Duplicate Order
2259,20240124,37822,12583,8,170,1,6,5331.36,Customer Changed Mind
2260,20250528,37831,12585,337,72,4,1,4546.37,Damaged
2261,20240206,37848,12590,88,51,11,3,11453.07,Quality Issue
2262,20240717,37864,12595,568,198,1,4,13270.72,Quality Issue
2263,20240717,37865,12595,568,140,1,1,747.26,Damaged
2264,20240717,37866,12595,568,37,1,3,6375.83,Damaged
2265,20240211,37871,12597,818,95,2,2,8621.11,Incorrect Product
2266,20240912,37894,12604,494,169,1,2,7666.14,Quality Issue
2267,20250116,37901,12606,172,4,2,1,1049.26,Customer Changed Mind
2268,20240520,37904,12607,872,100,1,4,2775.2,Customer Changed Mind
2269,20251030,37921,12612,277,154,4,3,5467.13,Quality Issue
2270,20240730,37934,12617,354,15,6,3,17558.84,Quality Issue
2271,20240825,37947,12622,462,158,10,7,30415.95,Customer Changed Mind
2272,20240107,37959,12625,214,168,2,3,7167.17,Damaged
2273,20251225,37965,12627,881,87,7,3,11964.26,Incorrect Product
2274,20251115,37985,12633,692,61,5,3,18211.39,Customer Changed Mind
2275,20241110,37991,12635,490,145,5,3,2021.29,Incorrect Product
2276,20251024,37995,12637,720,124,9,1,3858.84,Damaged
2277,20240428,38000,12638,205,104,9,1,4297.05,Incorrect Product
2278,20240722,38004,12641,152,24,7,3,15167.77,Damaged
2279,20251021,38033,12650,321,133,10,3,10378.29,Damaged
2280,20250225,38057,12657,555,106,9,1,4355.86,Customer Changed Mind
2281,20240615,38098,12669,535,140,3,1,1075.28,Customer Changed Mind
2282,20240707,38159,12688,860,189,9,2,4569.8,Damaged
2283,20241230,38199,12700,422,37,3,7,12869.19,Incorrect Product
2284,20241122,38226,12706,533,3,11,2,2688.49,Duplicate Order
2285,20240120,38233,12709,846,73,10,4,23199.17,Duplicate Order
2286,20250721,38239,12711,499,51,9,3,9218.26,Damaged
2287,20251110,38253,12715,705,57,1,2,8029.56,Incorrect Product
2288,20240628,38263,12718,178,140,7,1,940.96,Duplicate Order
2289,20250727,38333,12738,458,157,12,2,2615.31,Damaged
2290,20240827,38352,12744,412,56,4,2,11881.88,Incorrect Product
2291,20251217,38369,12751,191,108,6,7,51555.18,Incorrect Product
2292,20250826,38370,12752,12,121,1,4,6495.44,Damaged
2293,20250720,38381,12756,955,37,3,2,4483.43,Incorrect Product
2294,20240920,38428,12774,33,161,2,2,11597.05,Duplicate Order
2295,20250514,38431,12776,109,126,9,3,18805.74,Quality Issue
2296,20250729,38440,12778,46,124,8,1,4815.05,Damaged
2297,20251203,38447,12780,949,19,1,6,25144.54,Incorrect Product
2298,20241226,38456,12784,716,57,9,1,3680.81,Incorrect Product
2299,20240122,38461,12786,2,34,8,2,584.15,Customer Changed Mind
2300,20240517,38478,12791,129,8,4,6,39254.37,Customer Changed Mind
2301,20240625,38519,12802,949,135,1,4,20929.37,Customer Changed Mind
2302,20240528,38555,12815,827,38,12,4,32316.83,Customer Changed Mind
2303,20251019,38556,12816,486,193,7,1,3299.87,Quality Issue
2304,20241013,38562,12818,473,70,2,3,6814.65,Duplicate Order
2305,20250318,38565,12819,676,130,6,2,12657.97,Quality Issue
2306,20241110,38567,12820,811,148,3,2,2185.56,Duplicate Order
2307,20250530,38588,12826,251,132,4,2,11880.39,Damaged
2308,20251025,38617,12838,981,42,10,1,6973.79,Incorrect Product
2309,20251025,38619,12838,981,122,10,1,5169.1,Customer Changed Mind
2310,20250929,38621,12840,572,45,9,5,17975.69,Customer Changed Mind
2311,20250529,38647,12849,51,185,6,6,50133.07,Quality Issue
2312,20240203,38666,12856,454,152,8,2,9303.57,Customer Changed Mind
2313,20251107,38680,12860,438,122,1,5,30083.93,Duplicate Order
2314,20250211,38682,12861,559,119,8,2,7362.44,Quality Issue
2315,20240228,38745,12880,942,85,6,3,1544.49,Damaged
2316,20240302,38760,12887,553,58,2,3,22545.59,Quality Issue
2317,20250123,38770,12891,599,67,12,2,1831.54,Customer Changed Mind
2318,20240405,38788,12897,162,9,1,3,9085.04,Incorrect Product
2319,20250421,38789,12898,146,180,11,1,1855.41,Incorrect Product
2320,20250421,38792,12898,146,108,11,3,22056.24,Quality Issue
2321,20250107,38794,12899,442,101,11,3,16314.5,Duplicate Order
2322,20240318,38814,12905,104,111,10,1,6054.26,Customer Changed Mind
2323,20250908,38819,12907,381,44,12,3,18439.68,Customer Changed Mind
2324,20250709,38873,12921,296,165,5,2,9908.84,Damaged
2325,20250221,38894,12928,647,164,6,1,6493.28,Duplicate Order
2326,20251119,38908,12932,873,132,6,7,70274.92,Customer Changed Mind
2327,20251119,38909,12932,873,64,6,1,3429.44,Incorrect Product
2328,20240403,38933,12939,24,141,4,1,2722.62,Incorrect Product
2329,20250625,38943,12942,33,55,1,5,4074.49,Incorrect Product
2330,20250629,38966,12951,573,72,2,4,17407.32,Incorrect Product
2331,20250115,38974,12954,61,174,9,1,2127.0,Duplicate Order
2332,20250115,38977,12954,61,62,9,4,2238.46,Duplicate Order
2333,20240213,38983,12956,9,108,8,7,58055.14,Customer Changed Mind
2334,20250110,38987,12957,649,177,8,2,14577.75,Quality Issue
2335,20241003,39004,12966,666,81,6,1,1971.68,Quality Issue
2336,20241103,39017,12973,522,104,8,1,6888.68,Quality Issue
2337,20240101,39033,12977,245,19,3,2,8624.3,Damaged
2338,20250417,39038,12979,888,92,7,4,844.09,Quality Issue
2339,20250417,39040,12979,888,169,7,2,6669.52,Damaged
2340,20250910,39048,12983,107,132,6,2,14984.51,Damaged
2341,20250910,39049,12983,107,127,6,4,6514.9,Incorrect Product
2342,20240117,39098,13000,272,171,2,3,1691.1,Damaged
2343,20240117,39100,13000,272,43,2,3,12644.01,Duplicate Order
2344,20241109,39109,13003,799,98,3,3,2329.82,Duplicate Order
2345,20240910,39122,13006,144,146,9,1,4713.8,Damaged
2346,20250513,39125,13007,569,49,3,4,14476.14,Damaged
2347,20250220,39162,13017,63,142,4,1,3545.11,Duplicate Order
2348,20250819,39216,13036,755,151,4,4,43342.74,Duplicate Order
2349,20251216,39234,13043,116,78,5,1,6136.23,Quality Issue
2350,20250129,39253,13049,449,155,12,2,7809.2,Incorrect Product
2351,20241102,39292,13064,345,108,5,3,20746.79,Customer Changed Mind
2352,20241225,39300,13066,740,30,12,3,26214.09,Customer Changed Mind
2353,20240902,39323,13075,916,70,2,2,4611.42,Quality Issue
2354,20240603,39366,13088,43,123,9,2,11909.39,Duplicate Order
2355,20250504,39376,13092,779,145,10,3,2259.39,Customer Changed Mind
2356,20240909,39378,13093,81,110,2,3,290.73,Customer Changed Mind
2357,20250430,39402,13102,128,101,7,1,5936.48,Damaged
2358,20250421,39417,13107,35,21,11,2,6760.96,Damaged
2359,20241205,39420,13108,914,114,11,5,5670.58,Quality Issue
2360,20250606,39442,13115,190,197,7,2,8154.52,Duplicate Order
2361,20250322,39479,13127,607,9,2,4,14987.59,Duplicate Order
2362,20250810,39494,13133,429,67,10,1,1063.41,Incorrect Product
2363,20240218,39516,13141,832,98,7,3,1652.3,Incorrect Product
2364,20250219,39527,13146,811,148,5,1,1000.91,Damaged
2365,20250725,39543,13152,20,110,5,2,162.68,Incorrect Product
2366,20250204,39549,13153,436,53,5,2,1896.69,Damaged
2367,20240626,39557,13155,177,56,9,6,28993.14,Quality Issue
2368,20240520,39610,13171,138,131,8,1,3273.71,Customer Changed Mind
2369,20250210,39611,13172,806,32,10,4,15413.16,Duplicate Order
2370,20251022,39616,13173,576,19,11,2,8249.64,Incorrect Product
2371,20250127,39623,13175,927,46,5,2,926.23,Duplicate Order
2372,20250705,39628,13176,151,32,1,1,4669.96,Customer Changed Mind
2373,20250208,39636,13179,589,79,7,3,14523.54,Quality Issue
2374,20240509,39641,13180,556,7,3,1,122.25,Duplicate Order
2375,20240510,39648,13183,490,92,3,4,1103.32,Damaged
2376,20241221,39662,13189,970,152,8,1,4550.67,Customer Changed Mind
2377,20250119,39685,13196,541,109,5,1,8261.59,Customer Changed Mind
2378,20241002,39698,13199,160,90,1,4,5513.82,Damaged
2379,20241205,39720,13207,830,142,8,1,4860.77,Quality Issue
2380,20240909,39774,13223,572,119,1,5,16557.01,Customer Changed Mind
2381,20240424,39793,13228,18,108,12,7,47693.11,Incorrect Product
2382,20241007,39797,13229,490,101,3,1,7726.32,Damaged
2383,20251214,39799,13230,568,170,9,2,2005.61,Damaged
2384,20251228,39807,13233,989,120,11,1,954.78,Duplicate Order
2385,20250329,39817,13236,230,106,4,2,7253.05,Incorrect Product
2386,20250329,39818,13236,230,140,4,3,3214.96,Incorrect Product
2387,20251109,39820,13237,125,35,5,1,1914.26,Quality Issue
2388,20251222,39833,13243,56,147,3,2,1446.17,Duplicate Order
2389,20240115,39837,13246,338,11,3,3,19243.02,Quality Issue
2390,20250731,39842,13247,373,33,9,2,6775.57,Incorrect Product
2391,20240301,39846,13248,199,197,5,7,26356.16,Quality Issue
2392,20250204,39862,13254,167,55,8,4,4143.89,Duplicate Order
2393,20250609,39877,13260,227,53,9,1,956.74,Incorrect Product
2394,20251231,39895,13266,972,11,6,1,5466.98,Quality Issue
2395,20251214,39910,13271,256,171,9,1,741.57,Duplicate Order
2396,20241109,39944,13283,598,20,3,2,5096.49,Incorrect Product
2397,20250715,39977,13297,727,49,7,3,13028.77,Duplicate Order
2398,20250520,39990,13302,487,50,3,1,1192.46,Duplicate Order
2399,20240304,40041,13319,908,3,2,4,5906.76,Damaged
2400,20250908,40116,13343,379,192,2,1,4996.65,Customer Changed Mind
2401,20250107,40145,13354,369,91,2,1,1698.98,Quality Issue
2402,20250130,40170,13362,780,60,3,3,3735.21,Duplicate Order
2403,20250901,40197,13371,832,192,1,5,26419.82,Damaged
2404,20251128,40237,13384,325,79,5,3,16985.9,Incorrect Product
2405,20240120,40251,13389,534,193,8,3,10642.35,Duplicate Order
2406,20240801,40263,13393,390,19,11,1,4504.77,Duplicate Order
2407,20251130,40287,13401,298,83,4,5,7996.66,Customer Changed Mind
2408,20250404,40302,13406,456,79,6,4,16096.4,Duplicate Order
2409,20250418,40309,13409,878,154,1,1,1677.61,Damaged
2410,20240116,40323,13412,119,48,10,3,22606.09,Quality Issue
2411,20250116,40338,13418,712,137,3,1,1602.58,Customer Changed Mind
2412,20250116,40339,13418,712,175,3,2,18755.33,Damaged
2413,20250401,40349,13421,647,125,1,1,7775.02,Customer Changed Mind
2414,20250508,40353,13422,340,111,12,3,17765.76,Quality Issue
2415,20240604,40357,13423,642,148,3,2,1829.38,Quality Issue
2416,20250210,40388,13432,476,95,2,1,4347.99,Damaged
2417,20250429,40408,13441,637,133,4,4,17934.93,Incorrect Product
2418,20240117,40414,13443,350,34,9,1,375.58,Duplicate Order
2419,20241101,40423,13446,690,51,11,3,12689.44,Quality Issue
2420,20250628,40429,13449,987,73,1,3,17771.57,Damaged
2421,20250605,40478,13462,723,170,12,1,903.4,Duplicate Order
2422,20250814,40498,13470,419,90,10,1,1392.48,Damaged
2423,20250916,40503,13472,463,54,1,3,12111.79,Quality Issue
2424,20240826,40508,13474,332,70,9,5,10753.03,Duplicate Order
2425,20250121,40513,13476,109,140,5,1,1107.28,Incorrect Product
2426,20250613,40539,13482,653,154,4,3,5306.54,Customer Changed Mind
2427,20241129,40541,13483,12,127,12,1,1842.91,Damaged
2428,20240317,40551,13485,714,114,1,1,1130.51,Damaged
2429,20250410,40560,13488,403,134,9,1,5722.16,Incorrect Product
2430,20250515,40584,13497,87,142,11,2,7088.72,Duplicate Order
2431,20250120,40645,13516,60,40,1,1,6163.24,Quality Issue
2432,20251218,40651,13518,799,190,3,4,8127.04,Duplicate Order
2433,20250418,40665,13521,433,34,8,1,238.86,Incorrect Product
2434,20240620,40685,13528,319,45,5,3,19010.22,Incorrect Product
2435,20250613,40725,13540,558,170,8,1,1060.08,Duplicate Order
2436,20250627,40749,13548,89,42,2,4,16625.38,Quality Issue
2437,20250630,40751,13549,996,16,6,7,18890.51,Duplicate Order
2438,20240418,40757,13551,412,28,7,3,973.57,Quality Issue
2439,20250527,40760,13552,191,168,9,3,5922.29,Duplicate Order
2440,20251118,40766,13553,74,194,10,3,24369.07,Incorrect Product
2441,20240111,40771,13555,268,158,7,5,23814.4,Incorrect Product
2442,20251124,40779,13558,611,159,9,2,5190.74,Damaged
2443,20250518,40800,13565,218,186,8,1,8547.02,Damaged
2444,20250416,40813,13570,195,70,6,2,2784.99,Damaged
2445,20250715,40867,13591,622,55,6,4,3890.68,Customer Changed Mind
2446,20250918,40919,13610,324,168,2,4,7078.53,Quality Issue
2447,20240919,40955,13623,331,105,9,1,4201.3,Damaged
2448,20250121,40977,13629,98,51,1,1,3691.21,Customer Changed Mind
2449,20251206,40990,13634,641,98,4,4,3223.93,Damaged
2450,20250928,41009,13640,358,97,1,4,8999.41,Damaged
2451,20250209,41030,13647,477,90,9,5,6994.21,Damaged
2452,20240320,41044,13652,75,44,6,2,13282.84,Damaged
2453,20240630,41051,13655,130,44,2,1,6818.95,Duplicate Order
2454,20240630,41054,13655,130,133,2,5,23156.37,Damaged
2455,20241202,41060,13657,957,75,8,4,28839.08,Damaged
2456,20241022,41063,13658,177,17,7,5,15234.6,Quality Issue
2457,20240730,41092,13668,188,55,11,4,3046.85,Damaged
2458,20250316,41097,13669,126,129,1,5,31348.31,Incorrect Product
2459,20240106,41129,13679,982,42,9,3,13065.25,Incorrect Product
2460,20241102,41149,13685,235,178,8,4,33236.27,Damaged
2461,20241102,41150,13685,235,106,8,2,11213.18,Customer Changed Mind
2462,20250621,41154,13686,9,70,5,2,3508.77,Damaged
2463,20250507,41159,13687,649,129,1,5,20752.04,Quality Issue
2464,20240220,41180,13697,300,63,6,5,30783.22,Damaged
2465,20240817,41188,13699,313,96,11,4,15737.57,Damaged
2466,20250321,41201,13703,697,43,5,3,14665.78,Customer Changed Mind
2467,20240607,41206,13705,109,64,4,1,2717.58,Incorrect Product
2468,20241231,41222,13709,784,121,6,2,3673.76,Quality Issue
2469,20240812,41226,13710,122,70,10,3,5600.96,Customer Changed Mind
2470,20251106,41242,13716,696,84,3,2,9602.68,Customer Changed Mind
2471,20250323,41252,13720,778,44,7,2,12376.54,Customer Changed Mind
2472,20250817,41257,13722,230,195,3,2,15149.65,Duplicate Order
2473,20250421,41294,13731,175,156,9,2,6442.37,Customer Changed Mind
2474,20240712,41304,13734,780,198,4,1,3078.51,Customer Changed Mind
2475,20240304,41323,13739,564,166,8,2,10061.41,Customer Changed Mind
2476,20240122,41339,13745,195,3,11,4,5108.88,Quality Issue
2477,20240205,41345,13747,339,115,3,4,19393.95,Customer Changed Mind
2478,20240205,41348,13747,339,93,3,2,1016.38,Duplicate Order
2479,20251026,41362,13751,339,9,4,3,10475.37,Quality Issue
2480,20240702,41375,13756,717,96,5,1,3386.96,Duplicate Order
2481,20250528,41388,13761,810,110,5,2,196.32,Incorrect Product
2482,20250528,41389,13761,810,19,5,2,9415.23,Duplicate Order
2483,20240226,41411,13770,571,96,2,1,3293.35,Damaged
2484,20240902,41435,13777,49,113,10,3,568.56,Quality Issue
2485,20240720,41444,13779,614,59,1,2,5299.18,Quality Issue
2486,20250427,41446,13780,117,63,4,3,18452.39,Customer Changed Mind
2487,20250810,41474,13790,814,130,9,2,11156.86,Quality Issue
2488,20240626,41487,13793,339,16,8,3,8194.62,Quality Issue
2489,20240822,41534,13806,661,134,12,3,13907.72,Customer Changed Mind
2490,20241116,41550,13812,865,172,9,5,22179.24,Customer Changed Mind
2491,20250118,41560,13816,265,51,11,3,10016.17,Quality Issue
2492,20251212,41613,13833,972,31,12,2,14733.15,Quality Issue
2493,20250611,41651,13846,286,146,7,3,16075.21,Duplicate Order
2494,20240517,41669,13851,869,76,11,3,10894.81,Quality Issue
2495,20250521,41688,13858,65,189,2,1,2391.2,Damaged
2496,20240927,41709,13865,529,112,8,4,24036.52,Duplicate Order
2497,20250411,41729,13872,433,24,8,1,4864.58,Damaged
2498,20250411,41730,13872,433,98,8,1,790.39,Incorrect Product
2499,20240605,41737,13874,751,100,2,1,587.16,Customer Changed Mind
2500,20240126,41771,13886,200,6,1,1,3403.67,Customer Changed Mind
2501,20240202,41778,13888,367,93,5,2,1199.91,Customer Changed Mind
2502,20240509,41831,13905,515,128,9,1,371.2,Incorrect Product
2503,20240708,41846,13909,620,104,9,2,7920.66,Duplicate Order
2504,20250715,41879,13920,652,163,10,3,22191.67,Quality Issue
2505,20250508,41898,13925,374,3,12,7,9408.57,Incorrect Product
2506,20250405,41901,13926,644,156,3,1,4811.95,Quality Issue
2507,20240904,41908,13929,53,2,5,1,6668.62,Damaged
2508,20240906,41916,13931,453,188,12,2,6384.91,Incorrect Product
2509,20250724,41929,13935,82,162,5,2,3524.09,Customer Changed Mind
2510,20241019,41935,13938,290,134,7,6,35536.02,Incorrect Product
2511,20250524,41959,13947,802,110,11,1,103.59,Damaged
2512,20241103,41979,13955,65,158,10,1,4600.35,Duplicate Order
2513,20241128,41987,13958,681,178,10,1,7405.58,Quality Issue
2514,20240717,42002,13961,109,72,12,1,5532.66,Quality Issue
2515,20251128,42022,13967,688,101,5,3,19660.49,Quality Issue
2516,20251128,42024,13967,688,9,5,1,3067.48,Quality Issue
2517,20250603,42025,13968,540,25,11,4,6049.78,Damaged
2518,20241029,42039,13971,349,157,1,3,4270.53,Damaged
2519,20250913,42051,13978,225,170,7,3,2394.18,Customer Changed Mind
2520,20250310,42063,13982,118,117,3,5,11792.71,Customer Changed Mind
2521,20250816,42065,13983,208,47,9,1,2275.58,Quality Issue
2522,20251229,42081,13987,904,14,12,5,18937.45,Duplicate Order
2523,20250220,42094,13991,178,71,8,5,10330.09,Incorrect Product
2524,20250902,42102,13994,721,91,8,1,1618.07,Duplicate Order
2525,20241009,42113,13997,848,108,1,3,28278.19,Quality Issue
2526,20240127,42125,14000,702,179,7,3,12849.66,Customer Changed Mind
2527,20240628,42170,14015,944,92,4,1,246.25,Customer Changed Mind
2528,20250114,42181,14018,679,21,7,3,7701.04,Damaged
2529,20241105,42224,14032,282,115,5,6,41559.79,Duplicate Order
2530,20250224,42228,14033,243,106,8,1,3709.72,Customer Changed Mind
2531,20240918,42281,14052,639,142,2,2,9849.42,Damaged
2532,20250117,42298,14057,648,5,2,5,18109.03,Quality Issue
2533,20250314,42338,14071,241,84,7,3,15144.7,Customer Changed Mind
2534,20250701,42352,14074,532,168,11,2,3391.97,Quality Issue
2535,20250719,42354,14076,636,109,12,3,19582.42,Duplicate Order
2536,20250719,42355,14076,636,187,12,3,18858.66,Damaged
2537,20240116,42364,14079,538,124,10,3,10318.4,Duplicate Order
2538,20251030,42367,14080,830,115,4,5,30661.73,Quality Issue
2539,20240527,42445,14104,529,8,11,3,16059.57,Quality Issue
2540,20250310,42447,14105,605,170,9,1,837.35,Customer Changed Mind
2541,20250408,42497,14124,817,186,10,3,20105.22,Incorrect Product
2542,20240826,42513,14130,232,170,1,2,2283.28,Duplicate Order
2543,20240914,42535,14137,283,161,7,2,11401.57,Duplicate Order
2544,20250415,42554,14143,35,10,8,2,4316.97,Incorrect Product
2545,20250206,42558,14145,111,25,10,3,5159.51,Quality Issue
2546,20251211,42584,14152,856,143,8,2,17401.51,Damaged
2547,20250617,42591,14153,824,60,3,1,793.47,Quality Issue
2548,20250803,42599,14158,605,3,2,2,2792.38,Customer Changed Mind
2549,20240224,42610,14162,418,37,9,4,6992.52,Incorrect Product
2550,20240629,42639,14169,531,131,2,1,3445.43,Incorrect Product
2551,20240406,42646,14173,641,108,2,3,15722.81,Damaged
2552,20250421,42708,14195,889,66,12,3,12156.83,Customer Changed Mind
2553,20250421,42709,14195,889,165,12,2,12645.66,Customer Changed Mind
2554,20250225,42732,14203,240,155,1,1,3312.53,Duplicate Order
2555,20240812,42746,14209,968,139,2,1,4380.66,Duplicate Order
2556,20250329,42806,14229,880,20,2,2,3898.98,Damaged
2557,20240929,42821,14234,808,167,12,3,1423.09,Damaged
2558,20250504,42849,14243,110,87,10,1,3920.48,Quality Issue
2559,20250906,42877,14256,475,20,1,4,8202.05,Quality Issue
2560,20241101,42887,14261,971,75,8,1,9896.03,Quality Issue
2561,20250313,42912,14268,834,157,2,2,2064.51,Damaged
2562,20250705,42921,14271,783,189,2,2,4217.45,Customer Changed Mind
2563,20250705,42923,14271,783,115,2,1,5423.7,Damaged
2564,20251202,42926,14272,227,191,2,3,19357.84,Damaged
2565,20241017,42953,14281,26,146,2,1,5318.59,Customer Changed Mind
2566,20240927,42967,14286,774,54,5,1,3931.38,Quality Issue
2567,20241224,42969,14287,523,148,1,1,1268.58,Damaged
2568,20250617,42991,14295,818,89,7,1,9831.83,Damaged
2569,20250610,43004,14302,534,32,4,3,11881.97,Duplicate Order
2570,20240127,43025,14308,734,136,5,3,6188.94,Duplicate Order
2571,20240227,43072,14323,206,29,12,2,3771.91,Incorrect Product
2572,20250107,43079,14324,962,191,11,2,11742.8,Customer Changed Mind
2573,20250107,43080,14324,962,15,11,1,5846.01,Customer Changed Mind
2574,20250409,43106,14334,629,161,5,2,12861.39,Customer Changed Mind
2575,20250208,43110,14335,321,146,1,1,5460.12,Quality Issue
2576,20240504,43134,14342,160,97,2,3,50662.85,Duplicate Order
2577,20250306,43156,14349,770,23,4,4,7954.05,Customer Changed Mind
2578,20240504,43166,14353,708,75,4,1,6679.03,Duplicate Order
2579,20251107,43167,14354,723,31,4,2,14483.75,Customer Changed Mind
2580,20240601,43184,14359,618,74,3,1,5314.86,Quality Issue
2581,20250225,43189,14362,769,89,11,1,9546.62,Quality Issue
2582,20250425,43213,14369,234,199,8,2,9764.71,Incorrect Product
2583,20240911,43225,14373,16,62,2,3,1782.05,Incorrect Product
2584,20240911,43229,14373,16,43,2,1,4064.54,Customer Changed Mind
2585,20240529,43260,14383,191,73,2,1,5347.93,Quality Issue
2586,20250605,43287,14393,820,200,8,1,3515.45,Incorrect Product
2587,20240828,43293,14395,30,198,9,1,2968.92,Quality Issue
2588,20240127,43309,14399,680,178,7,6,32969.21,Damaged
2589,20241224,43321,14401,210,66,5,2,13074.81,Quality Issue
2590,20250519,43336,14406,517,113,12,2,348.87,Customer Changed Mind
2591,20240111,43363,14414,628,29,6,2,5515.74,Incorrect Product
2592,20250622,43375,14418,394,166,8,1,5818.33,Quality Issue
2593,20251202,43433,14436,238,26,8,1,3497.53,Quality Issue
2594,20251202,43434,14436,238,109,8,6,50565.05,Customer Changed Mind
2595,20240501,43439,14437,973,74,3,1,4651.73,Customer Changed Mind
2596,20241112,43459,14445,663,137,8,5,8127.0,Damaged
2597,20250216,43493,14455,463,168,1,1,2217.04,Incorrect Product
2598,20240107,43502,14457,291,6,5,4,11615.41,Quality Issue
2599,20250605,43510,14460,827,89,1,1,7053.89,Damaged
2600,20240218,43529,14467,684,56,2,4,22464.44,Quality Issue
2601,20240503,43570,14479,198,191,7,2,11665.87,Incorrect Product
2602,20250426,43577,14481,235,134,9,1,5477.99,Quality Issue
2603,20240809,43611,14491,664,114,7,3,3244.83,Quality Issue
2604,20240619,43633,14500,647,194,2,1,33482.72,Duplicate Order
2605,20240506,43675,14515,676,73,6,1,5704.36,Duplicate Order
2606,20251123,43679,14516,918,114,3,2,2409.27,Quality Issue
2607,20251123,43683,14516,918,146,3,1,5449.16,Damaged
2608,20240826,43711,14526,435,117,1,6,12571.6,Customer Changed Mind
2609,20240405,43734,14535,629,28,8,1,360.98,Damaged
2610,20240405,43735,14535,629,97,8,4,10198.71,Damaged
2611,20250131,43736,14536,447,153,7,2,584.26,Quality Issue
2612,20240730,43741,14537,552,113,9,5,782.44,Quality Issue
2613,20240109,43787,14554,418,54,1,2,9187.12,Quality Issue
2614,20240726,43803,14559,375,199,8,2,9128.74,Customer Changed Mind
2615,20240726,43804,14559,375,84,8,1,3576.32,Duplicate Order
2616,20241224,43830,14565,263,90,5,3,4694.71,Damaged
2617,20250909,43839,14568,313,126,7,4,27971.35,Quality Issue
2618,20240602,43848,14572,234,121,4,1,1754.38,Quality Issue
2619,20250513,43863,14576,453,7,6,3,394.32,Damaged
2620,20240531,43903,14591,513,78,7,2,13249.48,Duplicate Order
2621,20241030,43925,14597,273,34,6,2,633.59,Customer Changed Mind
2622,20241031,43930,14598,230,4,9,3,3194.82,Quality Issue
2623,20241031,43932,14598,230,87,9,1,3858.94,Quality Issue
2624,20240801,43951,14605,266,68,1,1,848.19,Incorrect Product
2625,20240421,43954,14607,672,105,10,7,32953.75,Quality Issue
2626,20250129,44011,14628,435,191,12,1,5536.14,Quality Issue
2627,20250730,44020,14631,402,88,1,1,3858.98,Duplicate Order
2628,20250903,44025,14633,687,96,3,4,13014.24,Damaged
2629,20240820,44062,14644,410,73,7,3,15732.56,Damaged
2630,20251010,44070,14646,148,111,3,2,11749.11,Damaged
2631,20250621,44083,14651,601,15,5,4,21739.24,Quality Issue
2632,20250516,44085,14652,302,141,11,3,8083.83,Duplicate Order
2633,20250428,44115,14660,683,29,5,1,2022.89,Quality Issue
2634,20241001,44133,14669,855,159,8,3,8343.94,Quality Issue
2635,20240626,44164,14678,156,184,3,7,37327.84,Damaged
2636,20240101,44194,14690,743,60,10,3,3097.44,Duplicate Order
2637,20240313,44205,14694,525,124,1,6,24506.91,Customer Changed Mind
2638,20241109,44206,14695,969,22,12,4,27484.02,Incorrect Product
2639,20241223,44246,14708,633,155,11,2,7273.97,Quality Issue
2640,20240316,44259,14711,54,172,9,1,4093.97,Duplicate Order
2641,20241104,44271,14715,878,94,2,1,1858.84,Damaged
2642,20240530,44275,14716,276,57,5,6,20613.42,Incorrect Product
2643,20251225,44278,14717,504,195,6,3,27556.96,Customer Changed Mind
2644,20240707,44284,14718,71,101,2,2,10490.72,Customer Changed Mind
2645,20240919,44290,14720,267,113,10,1,206.43,Duplicate Order
2646,20250707,44294,14721,183,78,2,1,5361.48,Incorrect Product
2647,20241101,44304,14724,975,53,9,2,2885.0,Customer Changed Mind
2648,20250325,44367,14745,256,91,10,3,5066.62,Incorrect Product
2649,20250320,44403,14755,416,50,4,1,1231.97,Damaged
2650,20240216,44414,14758,245,123,10,3,18958.36,Duplicate Order
2651,20250823,44451,14774,264,45,8,5,23451.77,Incorrect Product
2652,20250823,44455,14774,264,199,8,1,5543.57,Quality Issue
2653,20240817,44503,14790,925,133,6,2,7151.28,Damaged
2654,20250906,44518,14795,781,97,3,5,14816.87,Duplicate Order
2655,20240129,44536,14801,473,198,8,2,6771.36,Damaged
2656,20251018,44549,14807,896,182,10,1,3780.44,Damaged
2657,20240325,44614,14825,429,166,10,2,9785.11,Incorrect Product
2658,20250801,44634,14831,512,5,5,3,12054.22,Customer Changed Mind
2659,20241211,44640,14834,817,60,1,3,2903.87,Damaged
2660,20240612,44654,14840,669,72,12,2,8828.92,Damaged
2661,20240915,44670,14848,15,180,2,1,2039.34,Damaged
2662,20240915,44671,14848,15,31,2,3,18283.26,Customer Changed Mind
2663,20241117,44678,14849,899,36,5,2,6395.62,Customer Changed Mind
2664,20240811,44685,14851,971,79,12,3,16742.95,Damaged
2665,20240203,44710,14858,168,101,7,1,6836.87,Duplicate Order
2666,20250909,44728,14864,6,172,11,1,2994.36,Customer Changed Mind
2667,20251129,44737,14868,27,18,1,1,2287.23,Customer Changed Mind
2668,20240518,44754,14875,551,157,4,2,2171.25,Duplicate Order
2669,20250121,44769,14879,675,28,2,5,1940.69,Incorrect Product
2670,20250121,44771,14879,675,101,2,1,5546.44,Duplicate Order
2671,20240514,44774,14881,742,76,7,2,6989.52,Damaged
2672,20240514,44776,14881,742,81,7,1,1615.58,Duplicate Order
2673,20250705,44785,14884,887,119,9,1,3445.75,Damaged
2674,20250705,44786,14884,887,163,9,1,6217.99,Duplicate Order
2675,20250705,44787,14884,887,93,9,1,640.87,Damaged
2676,20250705,44788,14884,887,184,9,1,4965.82,Incorrect Product
2677,20250705,44789,14884,887,11,9,1,5460.51,Quality Issue
2678,20250922,44799,14887,102,75,4,2,11930.07,Customer Changed Mind
2679,20250922,44801,14887,102,46,4,3,1086.31,Quality Issue
2680,20240719,44831,14897,52,144,2,7,62684.66,Duplicate Order
2681,20240719,44832,14897,52,190,2,6,12759.43,Damaged
2682,20241020,44852,14905,810,56,12,2,13197.71,Damaged
2683,20241020,44853,14905,810,79,12,1,6060.23,Quality Issue
2684,20251105,44858,14907,929,86,7,1,8973.87,Duplicate Order
2685,20240408,44872,14913,497,178,4,1,6547.24,Customer Changed Mind
2686,20250106,44873,14914,932,79,11,1,4949.76,Incorrect Product
2687,20250106,44874,14914,932,171,11,5,3487.56,Incorrect Product
2688,20241223,44909,14924,671,122,4,2,8254.68,Quality Issue
2689,20251231,44923,14928,661,155,9,1,4450.04,Duplicate Order
2690,20250604,44928,14930,921,135,7,1,3961.1,Quality Issue
2691,20240922,44937,14933,185,51,12,2,9483.3,Duplicate Order
2692,20240408,44940,14935,950,18,8,1,1915.62,Damaged
2693,20241019,44950,14937,705,90,6,4,7032.39,Customer Changed Mind
2694,20251020,44958,14941,181,164,4,3,24071.96,Damaged
2695,20251020,44959,14941,181,69,4,4,14616.92,Customer Changed Mind
2696,20250813,44963,14942,314,154,1,3,7634.33,Customer Changed Mind
2697,20250712,44965,14943,189,21,10,2,6938.43,Damaged
2698,20240517,45004,14959,830,145,8,3,1907.8,Quality Issue
2699,20250210,45031,14966,51,137,4,3,3977.44,Incorrect Product
2700,20240517,45044,14970,962,187,7,3,19827.47,Incorrect Product
2701,20240517,45046,14970,962,84,7,1,3411.46,Incorrect Product
2702,20251111,45054,14972,285,90,3,3,5087.9,Incorrect Product
2703,20240114,45091,14986,674,113,5,4,689.91,Damaged
2704,20251223,45095,14987,545,81,12,3,4266.46,Customer Changed Mind
2705,20251127,45100,14988,687,180,2,1,1897.33,Damaged
2706,20240201,45101,14989,15,161,2,2,13897.88,Duplicate Order
2707,20240201,45102,14989,15,164,2,3,20637.28,Incorrect Product
2708,20241208,45116,14993,841,173,8,2,11651.46,Customer Changed Mind
2709,20240122,45120,14995,985,33,8,2,7089.77,Damaged
2710,20240930,45148,15003,614,86,9,1,7382.38,Incorrect Product
2711,20240708,45156,15005,132,179,2,1,4039.58,Quality Issue
2712,20240618,45168,15009,678,189,1,1,2661.16,Duplicate Order
2713,20250201,45177,15011,286,3,9,3,4847.98,Quality Issue
2714,20241220,45185,15014,112,160,5,2,6121.64,Incorrect Product
2715,20250802,45245,15034,719,28,7,1,328.92,Damaged
2716,20250810,45276,15043,810,169,3,1,3528.3,Duplicate Order
2717,20240322,45290,15046,905,12,8,2,6188.37,Duplicate Order
2718,20240627,45298,15048,815,194,11,2,15429.64,Quality Issue
2719,20250216,45331,15059,435,94,5,5,7875.85,Incorrect Product
2720,20251023,45357,15067,66,102,3,3,19129.47,Damaged
2721,20240319,45376,15073,722,87,5,1,2876.88,Incorrect Product
2722,20240521,45398,15080,329,9,7,1,3014.16,Quality Issue
2723,20250308,45428,15091,503,103,1,3,15622.01,Damaged
2724,20240523,45436,15093,272,20,11,1,1976.97,Damaged
2725,20251117,45462,15103,526,167,8,1,655.41,Customer Changed Mind
2726,20250412,45468,15105,869,43,4,4,14395.55,Incorrect Product
2727,20240404,45484,15111,472,100,12,4,2283.71,Customer Changed Mind
2728,20240117,45526,15124,359,77,3,3,13065.31,Quality Issue
2729,20250505,45557,15135,236,132,4,3,21551.91,Quality Issue
2730,20250505,45559,15135,236,24,4,4,20376.61,Incorrect Product
2731,20251122,45569,15137,931,92,3,4,887.78,Quality Issue
2732,20240517,45582,15144,222,19,8,3,9903.13,Duplicate Order
2733,20251027,45632,15159,841,41,8,6,27521.1,Quality Issue
2734,20240805,45637,15161,738,179,4,3,11048.07,Customer Changed Mind
2735,20250402,45651,15164,776,164,7,1,7133.07,Quality Issue
2736,20250402,45652,15165,827,44,5,3,23904.34,Quality Issue
2737,20240805,45666,15170,497,200,2,4,13459.07,Damaged
2738,20251229,45669,15172,338,135,10,1,5965.9,Damaged
2739,20240617,45678,15174,343,87,3,1,3500.17,Incorrect Product
2740,20250121,45688,15177,901,66,4,4,17834.01,Damaged
2741,20240810,45706,15182,2,8,1,3,17335.94,Incorrect Product
2742,20241005,45713,15184,31,50,3,1,1094.47,Customer Changed Mind
2743,20240204,45750,15198,597,84,8,3,11769.33,Quality Issue
2744,20250123,45759,15201,787,148,4,1,1084.32,Incorrect Product
2745,20250724,45797,15212,596,157,11,3,3266.96,Quality Issue
2746,20250712,45819,15219,357,173,5,3,13210.56,Customer Changed Mind
2747,20250402,45823,15220,913,59,4,4,12097.19,Damaged
2748,20250428,45841,15224,52,158,6,5,18733.22,Customer Changed Mind
2749,20240410,45842,15225,375,19,8,1,4664.86,Incorrect Product
2750,20250629,45852,15229,729,32,3,2,8430.85,Duplicate Order
2751,20240310,45862,15233,565,92,2,3,635.46,Damaged
2752,20250518,45879,15239,724,112,1,2,9703.14,Customer Changed Mind
2753,20250714,45899,15246,647,43,4,5,20525.33,Quality Issue
2754,20250503,45903,15247,419,189,1,2,4136.03,Quality Issue
2755,20241219,45929,15254,218,97,12,3,10190.11,Damaged
2756,20241123,45930,15255,874,115,9,2,11772.44,Quality Issue
2757,20240523,45947,15258,97,156,3,1,4242.13,Incorrect Product
2758,20240710,45953,15263,638,141,1,2,4981.49,Quality Issue
2759,20240512,46069,15301,944,200,8,1,3157.45,Quality Issue
2760,20250531,46077,15303,550,171,3,1,618.7,Customer Changed Mind
2761,20251027,46086,15305,286,69,5,1,4693.36,Duplicate Order
2762,20250729,46091,15307,8,63,2,7,51635.87,Incorrect Product
2763,20250720,46098,15310,99,27,12,1,4768.25,Damaged
2764,20250525,46167,15333,439,135,5,4,18067.4,Incorrect Product
2765,20251024,46190,15342,781,139,7,6,39409.99,Damaged
2766,20240115,46206,15346,707,187,5,2,13345.82,Customer Changed Mind
2767,20251017,46223,15350,451,41,9,4,15394.05,Duplicate Order
2768,20251204,46231,15354,205,35,8,4,7498.92,Duplicate Order
2769,20251019,46235,15355,922,115,1,4,23498.17,Customer Changed Mind
2770,20240321,46239,15357,987,102,12,5,31771.38,Incorrect Product
2771,20240321,46240,15357,987,70,12,3,5586.16,Incorrect Product
2772,20251119,46259,15363,107,195,2,2,21282.41,Duplicate Order
2773,20250116,46319,15381,694,90,5,2,2680.6,Damaged
2774,20250908,46344,15392,907,190,1,3,6030.51,Duplicate Order
2775,20250210,46365,15398,806,83,9,6,8313.87,Quality Issue
2776,20250509,46377,15401,801,61,7,6,18883.02,Customer Changed Mind
2777,20251106,46378,15402,380,180,4,5,8973.07,Incorrect Product
2778,20251106,46380,15402,380,14,4,1,4135.3,Quality Issue
2779,20240523,46383,15403,959,160,11,2,5448.85,Incorrect Product
2780,20240308,46395,15407,709,191,5,4,21141.85,Quality Issue
2781,20240427,46403,15409,462,194,8,1,5899.82,Customer Changed Mind
2782,20250209,46422,15415,311,103,11,5,26533.64,Quality Issue
2783,20251102,46427,15417,503,106,2,3,13273.04,Damaged
2784,20240902,46439,15422,391,10,11,6,12017.57,Damaged
2785,20250510,46464,15429,211,110,1,5,583.46,Quality Issue
2786,20250830,46482,15436,261,100,8,2,1177.96,Incorrect Product
2787,20250219,46497,15442,780,25,2,4,7176.78,Quality Issue
2788,20250401,46505,15445,441,34,11,2,617.64,Damaged
2789,20241013,46510,15447,848,63,5,1,6392.32,Quality Issue
2790,20250209,46527,15451,333,11,4,1,4769.77,Incorrect Product
2791,20250721,46560,15462,574,38,9,1,7490.38,Quality Issue
2792,20241111,46589,15470,74,164,8,5,37321.77,Quality Issue
2793,20240705,46592,15471,845,93,5,3,1694.62,Customer Changed Mind
2794,20250320,46599,15474,927,45,6,3,14135.22,Damaged
2795,20251211,46605,15476,724,74,10,3,15918.77,Incorrect Product
2796,20250319,46618,15481,544,16,10,3,6817.41,Customer Changed Mind
2797,20250326,46631,15486,60,119,6,1,2965.02,Quality Issue
2798,20240221,46665,15498,612,113,7,1,185.9,Incorrect Product
2799,20241107,46680,15503,284,186,7,2,18511.47,Quality Issue
2800,20250801,46691,15508,775,158,6,5,18506.3,Duplicate Order
2801,20240929,46710,15514,24,110,4,4,463.57,Quality Issue
2802,20251128,46716,15515,412,75,4,1,6626.21,Damaged
2803,20240529,46746,15522,334,159,5,5,12693.48,Quality Issue
2804,20240515,46754,15525,40,17,2,1,3128.16,Quality Issue
2805,20250722,46802,15540,169,14,8,2,6611.44,Incorrect Product
2806,20250521,46850,15553,614,174,11,1,1965.56,Quality Issue
2807,20250408,46899,15568,687,84,6,3,10569.67,Customer Changed Mind
2808,20240301,46922,15575,23,70,11,1,1588.01,Duplicate Order
2809,20240826,46988,15597,624,112,7,2,9415.67,Incorrect Product
2810,20250109,46999,15601,511,39,10,1,3631.18,Incorrect Product
2811,20250819,47015,15606,408,195,3,1,8221.41,Quality Issue
2812,20240427,47049,15619,98,13,3,2,20370.82,Duplicate Order
2813,20240511,47107,15638,1,18,2,1,1987.87,Duplicate Order
2814,20240315,47115,15640,747,167,4,4,1898.84,Incorrect Product
2815,20240523,47122,15642,339,115,2,1,5232.23,Customer Changed Mind
2816,20241231,47172,15659,275,7,4,1,162.39,Customer Changed Mind
2817,20250830,47187,15664,230,3,6,2,2745.46,Incorrect Product
2818,20251129,47203,15669,757,135,1,2,11518.46,Quality Issue
2819,20250828,47218,15674,133,130,3,4,27753.71,Quality Issue
2820,20240803,47229,15679,373,161,12,4,27794.35,Customer Changed Mind
2821,20250620,47235,15681,888,128,8,6,2302.31,Quality Issue
2822,20251001,47236,15682,407,24,3,4,18429.24,Customer Changed Mind
2823,20250721,47261,15690,323,169,5,4,13569.37,Customer Changed Mind
2824,20240322,47267,15692,74,129,1,3,12613.04,Damaged
2825,20240103,47273,15695,92,101,10,2,8665.7,Incorrect Product
2826,20240325,47287,15699,955,199,1,3,13769.23,Quality Issue
2827,20250726,47299,15703,716,91,3,5,8159.06,Damaged
2828,20241025,47306,15704,673,114,10,1,1480.48,Quality Issue
2829,20240905,47316,15707,591,68,8,1,1054.52,Damaged
2830,20250228,47334,15713,407,75,3,4,27828.05,Damaged
2831,20250228,47335,15713,407,24,3,6,23714.33,Quality Issue
2832,20250710,47343,15715,65,4,11,1,1095.21,Quality Issue
2833,20241126,47356,15719,932,111,11,4,25022.53,Duplicate Order
2834,20250830,47366,15722,409,141,3,2,4322.86,Incorrect Product
2835,20241229,47383,15726,527,104,7,3,14785.85,Incorrect Product
2836,20250325,47398,15730,436,181,1,1,4301.03,Duplicate Order
2837,20250106,47413,15734,301,21,12,1,3312.12,Incorrect Product
2838,20250714,47423,15736,890,52,3,3,20965.63,Damaged
2839,20240103,47426,15737,295,3,7,3,4179.37,Quality Issue
2840,20241118,47461,15749,627,129,8,1,4890.7,Customer Changed Mind
2841,20241204,47524,15772,32,4,8,1,1153.34,Damaged
2842,20250926,47535,15775,349,78,1,1,4258.62,Damaged
2843,20250501,47551,15779,493,169,12,3,11018.43,Duplicate Order
2844,20250909,47577,15789,91,189,3,2,4601.86,Incorrect Product
2845,20240820,47597,15795,70,193,11,3,13458.92,Duplicate Order
2846,20240820,47598,15795,70,50,11,1,1130.08,Customer Changed Mind
2847,20240820,47600,15795,70,174,11,1,1574.17,Incorrect Product
2848,20240426,47613,15800,842,165,7,1,6560.8,Damaged
2849,20241206,47662,15812,719,120,3,4,4074.96,Quality Issue
2850,20250207,47665,15813,218,136,4,1,2591.11,Incorrect Product
2851,20240826,47684,15819,688,200,6,1,3673.34,Damaged
2852,20251020,47689,15820,369,154,8,1,2870.1,Quality Issue
2853,20251207,47698,15823,500,91,11,1,1740.96,Customer Changed Mind
2854,20241105,47766,15846,801,1,6,1,5539.2,Duplicate Order
2855,20241214,47795,15856,745,145,10,2,1264.22,Incorrect Product
2856,20241220,47815,15860,236,48,6,2,11445.03,Quality Issue
2857,20241220,47816,15860,236,146,6,3,19380.75,Damaged
2858,20250330,47823,15864,416,47,4,6,19961.52,Quality Issue
2859,20251111,47837,15869,284,120,12,1,665.46,Duplicate Order
2860,20250927,47842,15872,175,168,7,1,2008.55,Quality Issue
2861,20240508,47865,15880,73,118,2,1,8611.27,Duplicate Order
2862,20240105,47868,15881,801,97,8,3,9776.66,Incorrect Product
2863,20240105,47870,15881,801,14,8,1,2548.88,Customer Changed Mind
2864,20250819,47879,15884,676,60,3,4,4895.38,Customer Changed Mind
2865,20240927,47906,15891,338,198,11,5,13343.65,Customer Changed Mind
2866,20250728,47913,15893,277,83,12,2,2952.21,Damaged
2867,20240513,47915,15894,392,192,3,1,4942.81,Incorrect Product
2868,20250810,47941,15903,538,180,9,4,8305.91,Damaged
2869,20250206,47961,15910,158,108,12,5,39749.75,Incorrect Product
2870,20240808,48001,15926,208,92,9,2,526.34,Damaged
2871,20250528,48007,15928,582,40,10,4,28995.57,Incorrect Product
2872,20250528,48010,15928,582,116,10,1,4979.14,Damaged
2873,20250530,48042,15939,139,153,11,1,244.86,Incorrect Product
2874,20240508,48061,15945,41,120,4,2,1731.93,Quality Issue
2875,20250303,48065,15947,167,138,12,3,3452.96,Duplicate Order
2876,20250322,48092,15958,155,1,7,3,11923.65,Incorrect Product
2877,20251112,48097,15959,830,156,6,5,25244.88,Customer Changed Mind
2878,20241112,48102,15960,877,74,2,1,5039.78,Customer Changed Mind
2879,20240302,48141,15971,276,51,12,1,3335.42,Incorrect Product
2880,20250613,48165,15980,828,151,9,2,18161.11,Incorrect Product
2881,20250409,48175,15984,55,58,9,2,15331.23,Quality Issue
2882,20250531,48198,15994,133,128,2,2,813.22,Damaged
2883,20250613,48242,16008,12,40,1,2,17081.79,Quality Issue
2884,20250508,48272,16018,512,61,2,2,7374.4,Quality Issue
2885,20241012,48285,16022,300,4,12,2,2355.98,Duplicate Order
2886,20241206,48287,16023,838,3,3,1,1645.5,Duplicate Order
2887,20250902,48295,16025,479,113,7,1,178.47,Customer Changed Mind
2888,20240125,48321,16034,965,80,4,4,24311.55,Incorrect Product
2889,20240309,48323,16035,663,186,11,1,7831.46,Customer Changed Mind
2890,20250202,48342,16041,31,36,8,2,4871.58,Quality Issue
2891,20250821,48355,16046,454,57,7,5,14755.13,Customer Changed Mind
2892,20240207,48373,16053,61,167,6,5,2574.56,Incorrect Product
2893,20250921,48420,16068,7,97,2,3,10312.0,Customer Changed Mind
2894,20240616,48432,16072,45,98,11,2,1273.97,Quality Issue
2895,20240223,48434,16073,590,186,10,3,29168.84,Damaged
2896,20240816,48525,16104,888,107,12,1,2533.37,Quality Issue
2897,20240925,48538,16107,683,110,10,1,106.55,Incorrect Product
2898,20250311,48588,16124,516,198,7,1,4322.98,Incorrect Product
2899,20240327,48610,16131,161,95,4,5,19777.55,Incorrect Product
2900,20250120,48641,16142,102,137,6,2,2615.92,Damaged
2901,20240804,48661,16150,953,139,2,1,5666.3,Customer Changed Mind
2902,20250211,48669,16154,124,150,4,2,11308.69,Incorrect Product
2903,20250425,48696,16163,663,138,9,1,1487.55,Quality Issue
2904,20250730,48701,16164,72,102,12,5,29936.03,Quality Issue
2905,20250323,48706,16165,519,88,2,1,3557.94,Damaged
2906,20250930,48713,16169,565,155,6,4,12710.17,Duplicate Order
2907,20241011,48717,16170,697,6,1,2,6591.92,Incorrect Product
2908,20251019,48719,16171,919,63,9,3,21899.21,Incorrect Product
2909,20250727,48729,16174,90,182,12,3,12107.33,Quality Issue
2910,20241212,48768,16186,982,45,5,4,28651.94,Damaged
2911,20251202,48786,16192,360,187,4,5,34424.39,Customer Changed Mind
2912,20250420,48791,16193,459,2,2,2,16727.66,Damaged
2913,20240922,48824,16206,46,13,10,1,10191.05,Customer Changed Mind
2914,20240309,48844,16213,838,199,9,1,6935.7,Customer Changed Mind
2915,20250209,48854,16216,717,79,5,2,11222.4,Duplicate Order
2916,20240511,48860,16217,269,164,10,2,11688.41,Damaged
2917,20240922,48865,16219,944,160,7,3,7550.67,Incorrect Product
2918,20250805,48893,16229,463,74,1,2,10672.65,Customer Changed Mind
2919,20241021,48919,16239,510,129,1,1,4228.35,Damaged
2920,20241022,48921,16240,587,185,7,2,15771.28,Duplicate Order
2921,20250206,48928,16242,250,153,9,2,433.96,Quality Issue
2922,20241110,48958,16251,835,135,9,6,21087.33,Incorrect Product
2923,20250531,48960,16253,648,19,9,3,12691.7,Incorrect Product
2924,20241120,48976,16257,521,36,4,2,6818.33,Quality Issue
2925,20240717,48998,16264,883,179,8,1,3887.45,Customer Changed Mind
2926,20240906,49001,16265,476,186,1,1,9824.73,Damaged
2927,20240708,49043,16278,580,44,12,1,6782.33,Incorrect Product
2928,20250313,49061,16285,621,155,10,1,3088.36,Customer Changed Mind
2929,20250217,49088,16293,402,127,12,4,7052.34,Quality Issue
2930,20240324,49092,16295,980,95,8,5,17634.41,Incorrect Product
2931,20250131,49102,16298,434,155,3,1,3409.95,Customer Changed Mind
2932,20240513,49116,16301,977,122,9,1,4220.32,Quality Issue
2933,20250809,49118,16302,366,40,5,5,36631.71,Damaged
2934,20251004,49131,16306,6,126,7,1,9001.52,Quality Issue
2935,20240328,49147,16312,775,198,4,1,3419.55,Customer Changed Mind
2936,20250221,49209,16332,1,65,11,5,12447.76,Customer Changed Mind
2937,20240626,49275,16350,980,83,2,7,7347.82,Quality Issue
2938,20241109,49302,16363,276,122,10,1,4005.86,Incorrect Product
2939,20240711,49308,16364,898,103,6,2,13566.61,Quality Issue
2940,20250408,49312,16365,625,116,10,1,5192.69,Duplicate Order
2941,20240223,49371,16387,243,196,7,1,2713.98,Incorrect Product
2942,20251027,49377,16389,461,174,10,4,9379.39,Duplicate Order
2943,20250530,49401,16399,942,158,2,2,9921.94,Quality Issue
2944,20241003,49424,16407,741,30,8,2,17039.52,Damaged
2945,20240617,49485,16426,377,158,9,3,13265.74,Damaged
2946,20240909,49501,16432,19,111,6,6,28867.66,Damaged
2947,20240909,49502,16432,19,167,6,1,528.31,Incorrect Product
2948,20240729,49514,16437,731,128,3,2,879.65,Duplicate Order
2949,20250320,49522,16439,481,115,9,3,15794.57,Customer Changed Mind
2950,20251205,49536,16442,986,11,7,4,25107.77,Quality Issue
2951,20250929,49548,16446,765,83,3,3,5367.61,Damaged
2952,20241031,49553,16447,866,83,1,1,1797.13,Duplicate Order
2953,20240615,49582,16458,301,34,2,1,262.46,Damaged
2954,20250511,49586,16459,110,79,2,4,18073.7,Duplicate Order
2955,20251007,49619,16471,444,100,12,1,665.63,Duplicate Order
2956,20250307,49635,16476,598,42,12,1,4321.27,Quality Issue
2957,20241121,49643,16479,86,107,12,1,2463.52,Damaged
2958,20240201,49672,16490,817,186,8,5,47057.58,Damaged
2959,20240201,49673,16490,817,119,8,1,3208.12,Incorrect Product
2960,20240201,49674,16490,817,198,8,1,3993.5,Damaged
2961,20250524,49688,16495,263,74,4,1,3915.01,Incorrect Product
2962,20250502,49720,16506,562,153,2,4,1208.25,Customer Changed Mind
2963,20240506,49738,16512,132,85,1,4,2112.35,Damaged
2964,20240624,49742,16515,214,131,1,1,3162.01,Incorrect Product
2965,20240728,49785,16529,461,82,4,1,1081.1,Incorrect Product
2966,20241230,49792,16532,741,14,9,1,3769.7,Damaged
2967,20251207,49814,16539,40,135,8,1,5599.43,Duplicate Order
2968,20240425,49841,16549,528,137,3,2,2720.26,Duplicate Order
2969,20250731,49875,16560,168,53,8,3,3333.12,Incorrect Product
2970,20240624,49880,16562,407,196,5,2,5761.49,Customer Changed Mind
2971,20250522,49909,16573,742,31,6,2,14160.78,Damaged
2972,20240215,49924,16579,22,110,10,2,224.55,Quality Issue
2973,20240331,49974,16594,255,171,8,1,794.88,Quality Issue
2974,20240907,50009,16605,660,21,11,3,8727.12,Damaged
2975,20251002,50052,16616,410,38,10,4,30903.26,Quality Issue
2976,20240712,50063,16620,586,174,9,2,4168.68,Duplicate Order
2977,20240808,50077,16625,688,169,4,2,9204.42,Duplicate Order
2978,20250615,50120,16638,608,122,7,2,9218.2,Duplicate Order
2979,20241103,50125,16639,610,197,10,1,4983.76,Quality Issue
2980,20250729,50128,16640,301,96,12,5,19073.67,Damaged
2981,20240602,50177,16657,309,31,7,3,20652.72,Customer Changed Mind
2982,20250910,50182,16659,212,49,2,2,6533.67,Quality Issue
2983,20240113,50197,16664,16,127,3,7,10456.41,Quality Issue
2984,20240113,50199,16664,16,46,3,1,416.69,Quality Issue
2985,20250924,50215,16668,378,156,9,4,16700.01,Duplicate Order
2986,20250101,50243,16676,332,190,10,1,2257.55,Customer Changed Mind
2987,20241025,50263,16682,415,132,11,1,7652.74,Customer Changed Mind
2988,20250308,50284,16688,139,107,4,2,4202.38,Duplicate Order
2989,20250418,50291,16690,705,171,10,6,4779.14,Duplicate Order
2990,20240422,50296,16691,587,118,5,1,8194.61,Customer Changed Mind
2991,20240210,50304,16693,577,27,12,1,3620.19,Duplicate Order
2992,20240113,50307,16694,566,106,3,3,12091.28,Incorrect Product
2993,20240704,50309,16695,351,46,8,2,745.07,Damaged
2994,20240312,50322,16700,367,84,5,2,7179.53,Incorrect Product
2995,20250816,50371,16718,850,149,2,4,6124.35,Incorrect Product
2996,20250816,50373,16718,850,140,2,3,2858.13,Incorrect Product
2997,20240403,50376,16720,703,41,4,1,3912.94,Duplicate Order
2998,20251116,50414,16731,242,95,5,3,11296.13,Damaged
2999,20250419,50460,16744,961,114,7,1,1176.17,Quality Issue
3000,20250419,50462,16744,961,52,7,1,7554.03,Quality Issue
3001,20240802,50490,16754,598,156,9,1,3752.22,Customer Changed Mind
3002,20240601,50495,16757,997,10,7,2,4280.72,Duplicate Order
3003,20240215,50507,16762,331,55,5,4,3897.76,Customer Changed Mind
3004,20250617,50544,16777,322,41,8,2,9040.8,Damaged
3005,20240410,50557,16780,110,59,4,1,2657.54,Damaged
3006,20240324,50559,16781,950,55,12,3,3237.89,Damaged
3007,20250823,50585,16790,527,146,4,1,4762.67,Quality Issue
3008,20240622,50593,16794,333,195,1,1,7939.14,Duplicate Order
3009,20240306,50624,16803,118,34,1,5,1848.08,Quality Issue
3010,20250807,50648,16811,985,132,11,1,7994.02,Customer Changed Mind
3011,20250602,50680,16823,784,96,6,3,8815.72,Customer Changed Mind
3012,20241208,50686,16825,817,183,7,3,20081.95,Duplicate Order
3013,20250214,50712,16834,401,75,6,1,7693.14,Incorrect Product
3014,20240206,50727,16838,410,184,12,7,29342.09,Incorrect Product
3015,20250725,50740,16843,278,133,1,2,7499.45,Quality Issue
3016,20240205,50753,16847,892,59,5,1,3071.98,Duplicate Order
3017,20240528,50754,16848,61,37,4,2,3866.37,Quality Issue
3018,20250725,50768,16853,157,80,11,1,6868.66,Duplicate Order
3019,20240408,50772,16854,147,105,10,3,11761.53,Damaged
3020,20240811,50788,16860,378,165,4,4,18335.2,Customer Changed Mind
3021,20240308,50793,16862,706,91,9,2,3467.05,Damaged
3022,20250523,50817,16869,196,42,10,1,4651.24,Customer Changed Mind
3023,20251029,50845,16877,268,178,2,7,39913.26,Incorrect Product
3024,20240616,50858,16880,68,199,5,4,22255.52,Customer Changed Mind
3025,20251225,50899,16893,815,34,1,1,310.44,Incorrect Product
3026,20250525,50907,16895,404,82,10,2,1988.56,Incorrect Product
3027,20241120,50933,16903,67,46,7,1,563.54,Incorrect Product
3028,20240503,50950,16909,259,147,4,3,2340.0,Quality Issue
3029,20251211,50990,16921,55,66,3,3,16227.22,Customer Changed Mind
3030,20240317,51021,16930,516,99,9,1,4569.62,Damaged
3031,20250521,51048,16938,542,91,8,1,1482.09,Duplicate Order
3032,20250416,51057,16941,301,47,9,1,2275.73,Incorrect Product
3033,20250109,51077,16946,337,187,11,6,41996.04,Duplicate Order
3034,20250829,51114,16958,373,199,5,2,8648.48,Damaged
3035,20251130,51134,16964,426,161,6,4,29342.37,Quality Issue
3036,20250409,51139,16965,914,52,7,2,14549.79,Quality Issue
3037,20240627,51164,16974,422,134,2,1,4169.86,Quality Issue
3038,20251227,51177,16979,794,22,7,3,18485.33,Incorrect Product
3039,20240512,51189,16984,483,71,6,3,7309.28,Quality Issue
3040,20240512,51190,16984,483,186,6,1,6876.42,Damaged
3041,20240826,51196,16986,517,171,10,2,1411.32,Customer Changed Mind
3042,20240717,51205,16989,359,49,6,3,9210.3,Quality Issue
3043,20240218,51218,16993,776,33,12,1,3080.29,Customer Changed Mind
3044,20250622,51222,16994,283,47,1,3,7332.06,Incorrect Product
3045,20250219,51230,16997,581,67,4,2,1812.69,Incorrect Product
3046,20241101,51254,17004,493,107,11,1,2059.8,Damaged
3047,20250907,51277,17013,722,175,8,1,9737.56,Duplicate Order
3048,20251105,51288,17016,467,19,9,4,22795.35,Customer Changed Mind
3049,20240811,51321,17028,626,128,10,1,521.72,Incorrect Product
3050,20250406,51347,17038,276,27,8,1,3549.05,Customer Changed Mind
3051,20241113,51364,17044,763,58,2,1,11645.07,Duplicate Order
3052,20240717,51374,17047,762,199,9,1,6503.28,Incorrect Product
3053,20240402,51396,17055,637,136,2,1,1625.47,Damaged
3054,20240807,51398,17056,818,58,1,4,45060.39,Quality Issue
3055,20250312,51405,17058,621,28,8,1,390.66,Duplicate Order
3056,20241228,51425,17063,257,74,10,3,16602.4,Damaged
3057,20240915,51440,17067,888,16,4,2,5944.2,Damaged
3058,20240915,51443,17067,888,182,4,2,6393.87,Damaged
3059,20250726,51460,17071,962,31,6,1,8022.27,Quality Issue
3060,20241128,51490,17084,186,153,7,3,837.69,Incorrect Product
3061,20240721,51515,17095,302,49,11,4,12181.2,Damaged
3062,20240418,51523,17098,295,103,11,2,13644.53,Damaged
3063,20251215,51535,17100,122,8,9,5,29775.72,Damaged
3064,20251224,51547,17103,640,54,1,3,12850.36,Incorrect Product
3065,20240513,51606,17127,526,115,1,2,13421.92,Quality Issue
3066,20240513,51608,17127,526,121,1,2,4339.71,Duplicate Order
3067,20250715,51629,17134,277,153,11,1,251.1,Customer Changed Mind
3068,20240318,51664,17144,810,148,6,4,4163.25,Damaged
3069,20250129,51670,17145,362,46,2,1,342.3,Damaged
3070,20250420,51675,17146,506,94,1,7,8817.02,Quality Issue
3071,20240731,51690,17153,470,150,6,5,25428.27,Incorrect Product
3072,20250603,51704,17159,408,66,2,1,4389.62,Damaged
3073,20240803,51757,17177,858,76,8,1,3666.03,Damaged
3074,20240803,51759,17177,858,61,8,1,3395.4,Duplicate Order
3075,20251007,51764,17179,628,3,10,1,1486.57,Quality Issue
3076,20240829,51769,17181,273,43,10,6,27864.43,Damaged
3077,20240719,51781,17184,838,152,1,3,16221.93,Customer Changed Mind
3078,20240724,51790,17190,562,95,7,2,7638.43,Duplicate Order
3079,20250730,51803,17194,206,95,6,2,7224.79,Incorrect Product
3080,20241109,51810,17197,683,126,11,5,43403.29,Damaged
3081,20250331,51850,17209,763,131,12,2,7169.68,Customer Changed Mind
3082,20240116,51858,17212,313,46,1,4,1655.97,Incorrect Product
3083,20241105,51894,17224,496,179,6,2,8748.81,Incorrect Product
3084,20250422,51899,17226,645,7,8,4,535.41,Damaged
3085,20250325,51903,17227,140,163,2,4,29052.84,Damaged
3086,20250620,51920,17232,693,181,12,3,16792.45,Quality Issue
3087,20241112,51933,17234,484,4,4,3,3517.44,Customer Changed Mind
3088,20250819,51940,17238,636,184,10,3,19503.49,Incorrect Product
3089,20240818,51949,17241,476,149,10,1,1500.83,Customer Changed Mind
3090,20240906,51956,17244,346,11,3,5,24894.98,Duplicate Order
3091,20240129,51963,17246,605,68,8,2,1433.23,Damaged
3092,20240209,51977,17250,854,152,11,2,10029.1,Quality Issue
3093,20240118,51986,17252,114,193,2,2,7407.2,Damaged
3094,20251211,51999,17255,965,103,12,1,6293.58,Incorrect Product
3095,20250209,52017,17261,707,198,3,5,21487.02,Quality Issue
3096,20241005,52031,17265,597,107,1,1,2237.54,Damaged
3097,20251111,52038,17267,422,28,4,4,1457.89,Customer Changed Mind
3098,20240109,52063,17279,762,99,12,3,11869.8,Incorrect Product
3099,20250622,52068,17280,752,23,12,2,3443.95,Quality Issue
3100,20251013,52071,17281,388,156,11,4,13202.1,Duplicate Order
3101,20240121,52086,17286,830,143,1,2,9484.17,Duplicate Order
3102,20250523,52100,17290,929,92,7,2,399.67,Duplicate Order
3103,20241210,52114,17295,635,29,4,1,2814.25,Quality Issue
3104,20241120,52128,17299,565,154,4,5,11916.25,Duplicate Order
3105,20251009,52161,17310,302,28,5,6,2289.87,Damaged
3106,20250920,52188,17318,283,85,11,6,2331.86,Customer Changed Mind
3107,20250315,52193,17319,972,13,12,5,35689.59,Customer Changed Mind
3108,20250827,52197,17321,403,114,5,5,6518.62,Duplicate Order
3109,20250827,52200,17321,403,193,5,2,6703.62,Customer Changed Mind
3110,20251230,52213,17324,332,32,1,3,14090.27,Duplicate Order
3111,20250303,52218,17326,971,5,4,1,3596.43,Duplicate Order
3112,20251205,52228,17329,219,179,2,1,5036.42,Quality Issue
3113,20241229,52238,17333,942,59,2,5,12597.61,Damaged
3114,20250309,52243,17335,969,73,6,1,5809.5,Quality Issue
3115,20240210,52266,17344,246,136,9,1,12566.85,Quality Issue
3116,20240112,52276,17348,350,184,8,5,25712.44,Damaged
3117,20250801,52288,17352,409,112,7,1,4527.89,Quality Issue
3118,20240617,52297,17355,461,14,4,1,3414.38,Damaged
3119,20250612,52300,17356,600,21,11,1,3025.47,Customer Changed Mind
3120,20240625,52360,17372,210,147,7,1,771.66,Quality Issue
3121,20250413,52420,17389,379,44,10,1,6168.94,Customer Changed Mind
3122,20250306,52432,17394,974,3,10,5,6408.48,Quality Issue
3123,20250306,52434,17394,974,49,10,3,11056.41,Customer Changed Mind
3124,20250417,52438,17395,194,57,10,5,16011.68,Incorrect Product
3125,20241019,52443,17397,212,149,4,2,3968.77,Duplicate Order
3126,20240126,52460,17403,392,14,10,3,8605.19,Quality Issue
3127,20241114,52468,17405,84,200,12,2,9259.05,Incorrect Product
3128,20240805,52508,17421,306,166,12,2,10358.9,Customer Changed Mind
3129,20250912,52513,17422,17,97,7,1,2851.34,Duplicate Order
3130,20240422,52532,17430,704,126,12,3,18674.66,Quality Issue
3131,20250521,52533,17431,639,76,5,2,8518.66,Customer Changed Mind
3132,20250702,52558,17439,910,157,9,6,5627.98,Duplicate Order
3133,20251227,52578,17444,423,3,1,1,1485.34,Quality Issue
3134,20251227,52579,17444,423,9,1,5,20846.08,Customer Changed Mind
3135,20240522,52588,17447,811,155,11,3,64506.15,Customer Changed Mind
3136,20251205,52637,17463,872,191,1,5,26379.63,Quality Issue
3137,20250712,52640,17464,902,133,8,1,4011.09,Quality Issue
3138,20251220,52645,17465,585,170,8,2,2014.23,Incorrect Product
3139,20241006,52654,17468,68,53,2,2,2696.59,Quality Issue
3140,20250924,52659,17470,345,25,3,3,5926.56,Damaged
3141,20250814,52693,17479,597,107,4,1,1753.46,Quality Issue
3142,20250716,52710,17487,602,3,5,3,4805.82,Customer Changed Mind
3143,20240719,52719,17492,919,104,11,1,4787.56,Quality Issue
3144,20240906,52731,17495,805,1,7,1,4930.5,Quality Issue
3145,20240219,52785,17515,252,95,6,3,12444.53,Damaged
3146,20240308,52790,17518,672,28,4,2,701.91,Duplicate Order
3147,20240415,52829,17532,787,90,12,3,3687.47,Damaged
3148,20251024,52833,17533,673,52,12,3,29912.08,Damaged
3149,20250309,52857,17539,198,79,1,2,10258.25,Incorrect Product
3150,20250423,52877,17545,552,131,6,1,3403.2,Incorrect Product
3151,20251118,52885,17547,967,162,12,2,5495.1,Duplicate Order
3152,20250507,52892,17548,933,10,8,1,2595.11,Quality Issue
3153,20250824,52896,17550,830,15,2,6,34558.82,Duplicate Order
3154,20250824,52897,17550,830,180,2,1,1918.19,Incorrect Product
3155,20250510,52937,17562,889,6,8,4,12292.47,Quality Issue
3156,20240615,52947,17566,881,199,10,5,25910.98,Customer Changed Mind
3157,20240124,52956,17569,250,148,9,1,725.79,Customer Changed Mind
3158,20241002,52989,17581,988,167,9,3,1814.54,Incorrect Product
3159,20250102,52993,17583,573,55,6,1,819.76,Quality Issue
3160,20240225,52998,17584,982,116,8,1,5644.35,Incorrect Product
3161,20240521,53008,17587,403,141,4,1,1969.96,Duplicate Order
3162,20241019,53033,17595,242,12,2,4,13174.49,Damaged
3163,20241104,53052,17602,343,160,7,1,3273.99,Duplicate Order
3164,20250701,53059,17603,116,161,11,1,5261.14,Quality Issue
3165,20251124,53066,17605,695,80,6,2,15306.23,Incorrect Product
3166,20250215,53067,17606,968,54,7,4,16099.6,Quality Issue
3167,20250215,53072,17608,844,117,6,6,13332.08,Damaged
3168,20251008,53089,17613,338,26,11,1,4008.44,Damaged
3169,20251011,53114,17621,882,75,10,1,7557.67,Incorrect Product
3170,20241010,53128,17628,320,120,10,1,922.22,Incorrect Product
3171,20240824,53159,17637,449,74,10,7,31850.0,Duplicate Order
3172,20250504,53166,17640,531,76,1,5,16534.39,Incorrect Product
3173,20250411,53176,17644,383,126,10,3,23816.5,Quality Issue
3174,20240331,53180,17645,799,4,9,1,1286.81,Customer Changed Mind
3175,20240704,53217,17657,344,108,11,3,15829.87,Duplicate Order
3176,20251116,53233,17661,835,78,1,1,5371.4,Duplicate Order
3177,20251204,53258,17668,873,61,10,5,28724.5,Incorrect Product
3178,20240711,53322,17688,899,134,9,1,4660.25,Incorrect Product
3179,20251019,53342,17695,296,192,3,3,15496.17,Duplicate Order
3180,20250725,53366,17704,563,165,3,4,20882.91,Customer Changed Mind
3181,20240131,53374,17709,518,153,3,3,907.84,Customer Changed Mind
3182,20250314,53401,17715,101,36,9,2,6432.01,Damaged
3183,20250324,53422,17722,561,63,4,5,41077.42,Damaged
3184,20250819,53449,17733,677,63,11,2,13898.71,Quality Issue
3185,20250521,53499,17756,425,159,1,2,4757.53,Incorrect Product
3186,20240512,53506,17760,708,53,12,2,2466.99,Incorrect Product
3187,20241002,53515,17764,414,41,1,3,12170.58,Quality Issue
3188,20250903,53534,17770,344,131,12,1,2828.18,Damaged
3189,20251018,53537,17771,326,153,5,2,571.3,Duplicate Order
3190,20240521,53559,17779,17,178,4,1,6519.98,Customer Changed Mind
3191,20240730,53604,17794,531,100,9,1,491.06,Quality Issue
3192,20240730,53606,17794,531,71,9,1,2639.98,Customer Changed Mind
3193,20250503,53653,17810,530,118,3,3,18181.94,Incorrect Product
3194,20250711,53658,17811,590,83,6,3,4916.71,Damaged
3195,20240807,53678,17818,208,165,1,2,10668.8,Incorrect Product
3196,20251022,53700,17827,428,115,9,1,6053.11,Quality Issue
3197,20250705,53738,17836,592,140,4,2,1723.61,Incorrect Product
3198,20241119,53770,17845,686,57,4,5,15272.84,Customer Changed Mind
3199,20251008,53788,17853,826,178,6,2,16695.14,Quality Issue
3200,20251124,53812,17860,247,180,2,5,13367.0,Customer Changed Mind
3201,20251228,53879,17883,521,101,3,6,39718.16,Customer Changed Mind
3202,20250911,53892,17887,912,57,1,2,6513.21,Damaged
3203,20250911,53893,17887,912,198,1,1,3768.89,Damaged
3204,20240730,53927,17900,744,29,6,1,1895.31,Incorrect Product
3205,20250712,53934,17902,668,42,3,3,14277.44,Damaged
3206,20241026,53938,17904,80,58,2,2,25380.97,Incorrect Product
3207,20251104,53946,17907,568,13,9,1,10849.41,Quality Issue
3208,20250322,53968,17914,244,5,3,2,6906.17,Quality Issue
3209,20240714,54023,17933,731,173,3,6,20501.2,Customer Changed Mind
3210,20240622,54030,17936,65,146,2,1,4292.8,Incorrect Product
3211,20240222,54065,17949,957,29,6,1,2409.72,Quality Issue
3212,20240305,54142,17977,700,128,9,1,392.65,Incorrect Product
3213,20250719,54151,17979,931,85,4,1,414.47,Duplicate Order
3214,20250116,54180,17991,641,74,5,1,4385.87,Duplicate Order
3215,20241218,54185,17992,431,140,11,2,2813.21,Duplicate Order
3216,20240508,54201,17998,160,110,12,6,584.57,Incorrect Product
3217,20240926,54205,17999,864,143,10,3,14450.84,Customer Changed Mind
3218,20251014,54229,18008,561,22,2,1,6903.53,Damaged
3219,20250123,54260,18020,118,73,2,4,22129.91,Incorrect Product
3220,20251218,54271,18023,142,15,1,2,13438.34,Incorrect Product
3221,20251218,54273,18023,142,146,1,1,5826.69,Incorrect Product
3222,20240113,54277,18025,399,43,8,2,8829.53,Customer Changed Mind
3223,20240924,54295,18030,453,129,2,3,13707.01,Damaged
3224,20241022,54346,18047,609,59,9,3,7843.14,Damaged
3225,20250802,54375,18054,130,129,8,1,4690.22,Damaged
3226,20250813,54403,18063,601,156,1,4,15173.06,Duplicate Order
3227,20250814,54434,18075,895,52,12,1,9468.67,Duplicate Order
3228,20250814,54435,18075,895,42,12,5,22966.4,Customer Changed Mind
3229,20240331,54454,18079,342,59,6,1,2621.57,Customer Changed Mind
3230,20240331,54455,18079,342,100,6,2,1097.71,Customer Changed Mind
3231,20241007,54506,18098,751,88,12,2,8559.54,Duplicate Order
3232,20251126,54513,18100,724,138,10,6,9643.12,Damaged
3233,20240722,54542,18110,331,83,11,1,1351.58,Duplicate Order
3234,20241201,54545,18111,201,175,7,1,11757.15,Duplicate Order
3235,20250606,54550,18112,64,149,9,1,1494.47,Duplicate Order
3236,20240610,54553,18113,375,176,10,1,2372.22,Quality Issue
3237,20240907,54588,18125,954,148,12,1,1048.47,Damaged
3238,20240525,54591,18127,514,101,2,1,5867.11,Damaged
3239,20250208,54610,18133,76,137,4,2,2940.4,Incorrect Product
3240,20250804,54613,18134,959,151,7,7,52706.04,Incorrect Product
3241,20250525,54641,18144,947,115,4,2,12682.48,Incorrect Product
3242,20251128,54645,18145,75,159,7,1,2931.91,Incorrect Product
3243,20241130,54673,18155,501,85,4,2,798.35,Customer Changed Mind
3244,20250607,54685,18158,921,29,8,1,2309.31,Customer Changed Mind
3245,20241025,54696,18161,634,133,2,2,9162.42,Quality Issue
3246,20240412,54703,18166,399,61,1,4,14795.51,Incorrect Product
3247,20251010,54708,18170,69,3,4,5,6434.82,Quality Issue
3248,20250926,54727,18175,332,76,7,2,4982.31,Duplicate Order
3249,20240919,54736,18178,717,170,5,1,657.52,Quality Issue
3250,20240604,54741,18181,439,81,4,1,1598.82,Quality Issue
3251,20250415,54751,18183,958,64,5,2,4390.17,Damaged
3252,20240807,54770,18189,223,136,5,3,6994.54,Duplicate Order
3253,20240413,54784,18194,821,184,5,1,4712.06,Customer Changed Mind
3254,20250117,54796,18198,808,132,1,3,19040.97,Incorrect Product
3255,20250909,54828,18210,728,178,5,4,24952.66,Quality Issue
3256,20250707,54829,18211,20,147,8,5,3959.19,Quality Issue
3257,20250217,54839,18213,108,182,2,1,3678.74,Damaged
3258,20240531,54858,18220,708,149,12,2,2726.17,Incorrect Product
3259,20240320,54892,18232,542,34,12,1,236.14,Quality Issue
3260,20240804,54900,18236,914,129,5,3,12239.82,Incorrect Product
3261,20250930,54903,18237,80,52,7,5,31165.81,Customer Changed Mind
3262,20250418,54933,18245,949,63,11,3,15123.23,Duplicate Order
3263,20240224,54956,18254,564,21,9,3,10755.05,Customer Changed Mind
3264,20250801,54967,18257,735,192,11,3,13115.1,Customer Changed Mind
3265,20241111,55009,18269,102,141,5,1,2427.24,Incorrect Product
3266,20240320,55020,18274,844,179,9,4,15530.43,Customer Changed Mind
3267,20240517,55025,18276,562,1,5,4,17670.19,Damaged
3268,20251116,55029,18278,968,16,10,1,2878.36,Quality Issue
3269,20250502,55035,18280,84,142,1,2,6838.71,Incorrect Product
3270,20251104,55042,18282,614,168,3,2,4917.24,Customer Changed Mind
3271,20241002,55068,18291,16,173,1,4,24567.1,Customer Changed Mind
3272,20241012,55085,18297,36,109,5,2,15327.66,Incorrect Product
3273,20241002,55091,18299,708,30,3,2,21742.06,Incorrect Product
3274,20241029,55127,18311,618,11,3,1,7862.21,Incorrect Product
3275,20250118,55132,18313,938,199,2,2,11054.42,Incorrect Product
3276,20240208,55167,18324,703,176,6,6,11952.89,Incorrect Product
3277,20250702,55171,18325,509,184,5,2,9010.65,Duplicate Order
3278,20250702,55172,18325,509,63,5,2,10562.27,Incorrect Product
3279,20240819,55192,18333,518,34,3,1,339.86,Incorrect Product
3280,20251030,55208,18336,662,174,8,3,6829.1,Duplicate Order
3281,20250113,55213,18337,225,157,10,2,2525.97,Damaged
3282,20250303,55214,18338,774,84,6,2,9473.97,Incorrect Product
3283,20250424,55255,18350,757,57,3,2,6833.52,Customer Changed Mind
3284,20251023,55269,18354,252,10,6,4,13108.65,Incorrect Product
3285,20240608,55273,18355,737,18,7,4,9465.22,Customer Changed Mind
3286,20240908,55279,18358,398,81,7,1,1181.54,Quality Issue
3287,20250108,55285,18360,886,149,6,1,1403.81,Incorrect Product
3288,20250104,55329,18374,501,109,7,1,6502.16,Duplicate Order
3289,20250612,55339,18378,311,162,7,7,15229.94,Incorrect Product
3290,20251209,55340,18379,116,188,4,3,8512.82,Customer Changed Mind
3291,20250517,55354,18383,41,119,4,1,2677.79,Damaged
3292,20250711,55442,18411,879,156,1,2,8926.65,Quality Issue
3293,20250714,55461,18415,614,136,4,4,9987.96,Incorrect Product
3294,20251026,55464,18416,103,139,2,1,7119.04,Customer Changed Mind
3295,20241114,55519,18432,47,120,12,5,4845.53,Duplicate Order
3296,20251206,55533,18436,662,87,12,2,9315.34,Damaged
3297,20240201,55538,18437,335,113,3,3,565.33,Incorrect Product
3298,20250901,55573,18447,359,187,7,1,8228.4,Duplicate Order
3299,20251228,55585,18452,87,39,10,3,15956.59,Incorrect Product
3300,20251021,55603,18462,646,72,3,2,10602.32,Duplicate Order
3301,20251009,55628,18470,515,53,10,2,3040.93,Incorrect Product
3302,20250714,55638,18472,996,36,8,1,2105.94,Damaged
3303,20250404,55641,18474,284,93,6,1,556.77,Quality Issue
3304,20240709,55690,18487,662,154,6,5,9349.08,Duplicate Order
3305,20240914,55700,18489,703,37,12,1,1924.86,Duplicate Order
3306,20250424,55714,18495,503,5,7,5,19386.48,Duplicate Order
3307,20251211,55740,18503,888,102,2,6,32866.23,Duplicate Order
3308,20241031,55746,18506,563,71,11,2,4680.69,Customer Changed Mind
3309,20240519,55759,18509,879,84,5,3,12860.22,Customer Changed Mind
3310,20250730,55797,18521,857,74,1,6,29225.42,Customer Changed Mind
3311,20240526,55805,18523,40,100,5,1,556.61,Duplicate Order
3312,20240502,55827,18528,286,58,10,3,20378.85,Customer Changed Mind
3313,20240525,55884,18546,234,1,9,5,20683.82,Damaged
3314,20250821,55905,18552,130,189,4,1,2272.4,Quality Issue
3315,20250927,55918,18557,52,191,6,1,5113.7,Quality Issue
3316,20250413,55925,18559,570,36,10,2,6306.86,Incorrect Product
3317,20240509,55958,18571,477,118,10,4,29446.77,Duplicate Order
3318,20240209,55998,18587,835,139,11,3,15374.28,Incorrect Product
3319,20240209,55999,18587,835,8,11,3,17836.47,Customer Changed Mind
3320,20240211,56011,18592,952,103,8,1,5925.64,Incorrect Product
3321,20241025,56017,18594,190,77,4,1,6106.94,Quality Issue
3322,20250608,56020,18595,565,83,10,2,2481.58,Incorrect Product
3323,20250203,56033,18601,727,183,1,2,12796.31,Customer Changed Mind
3324,20241122,56039,18603,219,126,1,2,16440.73,Damaged
3325,20241122,56041,18603,219,174,1,2,5488.93,Damaged
3326,20251018,56042,18604,794,32,9,1,3593.78,Quality Issue
3327,20250414,56058,18609,501,169,2,3,11711.68,Quality Issue
3328,20240130,56072,18615,459,130,11,7,45726.91,Damaged
3329,20250115,56080,18617,269,188,4,3,8581.57,Customer Changed Mind
3330,20240328,56082,18618,313,110,10,1,110.32,Damaged
3331,20251217,56090,18620,196,41,10,4,18064.26,Duplicate Order
3332,20240123,56093,18621,562,169,2,1,3139.31,Customer Changed Mind
3333,20240123,56096,18621,562,59,2,4,10248.45,Damaged
3334,20251108,56106,18625,782,185,11,1,8957.2,Duplicate Order
3335,20241222,56125,18631,666,33,11,1,3243.22,Duplicate Order
3336,20250403,56146,18637,395,26,8,1,3129.4,Customer Changed Mind
3337,20240729,56180,18646,698,101,3,2,11783.55,Damaged
3338,20250814,56228,18664,805,85,7,2,913.12,Incorrect Product
3339,20250213,56243,18669,152,34,7,2,682.18,Duplicate Order
3340,20240110,56259,18674,774,192,7,1,4327.92,Customer Changed Mind
3341,20240325,56276,18680,717,44,9,2,15696.66,Customer Changed Mind
3342,20250222,56294,18685,943,5,5,1,4284.65,Quality Issue
3343,20240416,56320,18694,1000,162,4,1,2146.25,Incorrect Product
3344,20250217,56329,18697,907,116,2,2,10309.09,Quality Issue
3345,20250213,56339,18701,420,158,10,6,24230.6,Damaged
3346,20240717,56357,18709,840,106,7,1,4506.83,Customer Changed Mind
3347,20250407,56371,18712,41,151,12,1,10011.55,Incorrect Product
3348,20240127,56375,18713,769,80,3,5,31220.52,Incorrect Product
3349,20241219,56389,18717,986,79,5,4,23990.41,Quality Issue
3350,20250606,56400,18721,589,154,6,1,1987.38,Duplicate Order
3351,20240215,56411,18725,42,77,6,1,3685.36,Customer Changed Mind
3352,20241229,56432,18730,677,8,11,4,24276.69,Incorrect Product
3353,20240816,56449,18737,882,55,12,1,984.16,Quality Issue
3354,20250602,56479,18746,244,164,7,2,11158.76,Quality Issue
3355,20241231,56534,18762,846,28,10,2,827.37,Damaged
3356,20250527,56536,18763,378,122,3,1,3644.64,Customer Changed Mind
3357,20251107,56539,18764,826,72,3,1,6292.54,Quality Issue
3358,20240816,56550,18769,601,42,5,1,4522.54,Quality Issue
3359,20250809,56552,18771,334,156,1,1,4226.55,Duplicate Order
3360,20250507,56590,18782,535,198,5,2,5931.52,Duplicate Order
3361,20250904,56603,18787,212,110,2,2,178.18,Customer Changed Mind
3362,20250824,56606,18788,544,174,2,5,10927.68,Incorrect Product
3363,20250525,56639,18796,593,55,3,1,1156.41,Incorrect Product
3364,20251123,56667,18807,419,105,9,3,16196.22,Incorrect Product
3365,20251023,56682,18812,110,66,4,1,5343.09,Duplicate Order
3366,20250529,56687,18814,881,5,4,1,3176.6,Incorrect Product
3367,20250611,56729,18830,361,154,4,6,11439.83,Incorrect Product
3368,20240410,56781,18848,46,156,1,2,7057.03,Damaged
3369,20251120,56797,18854,179,188,11,1,3318.12,Incorrect Product
3370,20250920,56821,18863,901,148,2,2,1870.2,Customer Changed Mind
3371,20250920,56822,18863,901,45,2,2,11102.02,Damaged
3372,20251125,56823,18864,244,167,8,1,602.04,Duplicate Order
3373,20250319,56842,18869,424,77,6,3,13972.71,Incorrect Product
3374,20240801,56854,18873,14,133,12,4,15189.27,Quality Issue
3375,20250509,56870,18879,218,132,12,2,13987.43,Damaged
3376,20250424,56906,18890,969,36,10,5,12378.23,Incorrect Product
3377,20250126,56934,18901,723,65,12,2,4437.38,Quality Issue
3378,20240411,56958,18911,725,178,12,3,16559.21,Damaged
3379,20240821,56967,18914,590,73,9,5,30454.58,Incorrect Product
3380,20240821,56968,18914,590,86,9,3,26153.11,Incorrect Product
3381,20251030,56992,18922,907,109,12,2,12409.2,Incorrect Product
3382,20250208,57013,18929,47,168,12,3,6716.2,Damaged
3383,20250711,57029,18935,465,29,8,3,6849.45,Customer Changed Mind
3384,20240715,57107,18962,306,140,5,1,1065.29,Damaged
3385,20240422,57124,18967,176,173,10,6,24910.2,Incorrect Product
3386,20240808,57126,18968,214,166,6,2,9879.11,Quality Issue
3387,20240808,57128,18968,214,22,6,3,16184.3,Incorrect Product
3388,20240315,57130,18969,333,56,12,1,6043.58,Quality Issue
3389,20240308,57144,18974,8,166,7,2,9827.1,Incorrect Product
3390,20240315,57182,18986,533,19,8,5,23283.0,Duplicate Order
3391,20250327,57185,18987,523,181,12,1,4200.53,Duplicate Order
3392,20241102,57203,18992,467,103,5,1,5922.6,Quality Issue
3393,20250423,57216,18997,521,170,6,2,1671.28,Incorrect Product
3394,20250102,57240,19004,495,116,8,3,14010.86,Duplicate Order
3395,20250721,57252,19007,617,118,3,1,5355.0,Customer Changed Mind
3396,20240809,57282,19019,858,149,12,1,1217.0,Customer Changed Mind
3397,20240809,57284,19019,858,104,12,1,4470.92,Damaged
3398,20240207,57297,19022,648,141,12,1,2728.03,Duplicate Order
3399,20250123,57302,19024,261,162,9,1,2396.16,Quality Issue
3400,20240105,57303,19025,29,61,5,3,13516.0,Incorrect Product
3401,20240615,57326,19031,252,60,12,1,1152.81,Duplicate Order
3402,20240615,57328,19031,252,141,12,2,4560.96,Damaged
3403,20240109,57365,19048,458,155,11,4,15061.75,Duplicate Order
3404,20250201,57393,19059,492,43,8,1,4054.66,Damaged
3405,20250201,57394,19059,492,125,8,2,15842.29,Duplicate Order
3406,20250726,57405,19062,379,190,3,4,7600.46,Customer Changed Mind
3407,20250726,57406,19062,379,83,3,5,6547.33,Duplicate Order
3408,20240817,57426,19069,289,39,2,4,13905.84,Quality Issue
3409,20250101,57432,19071,885,82,9,1,962.46,Customer Changed Mind
3410,20250620,57447,19077,679,97,1,2,7173.14,Quality Issue
3411,20250112,57452,19079,776,133,12,3,9322.14,Quality Issue
3412,20250114,57464,19084,742,89,5,1,9676.18,Customer Changed Mind
3413,20240209,57481,19088,892,145,6,2,971.99,Customer Changed Mind
3414,20240310,57589,19123,373,164,10,2,13153.14,Damaged
3415,20251114,57611,19131,871,171,4,3,1998.0,Incorrect Product
3416,20250205,57616,19133,904,60,8,1,1189.24,Duplicate Order
3417,20240102,57625,19136,90,130,5,4,27652.85,Customer Changed Mind
3418,20240510,57643,19140,90,174,2,2,3446.78,Quality Issue
3419,20251217,57668,19149,80,24,7,1,4480.11,Damaged
3420,20240613,57683,19155,498,6,6,4,11877.09,Damaged
3421,20251012,57685,19156,574,59,4,1,3574.62,Damaged
3422,20251230,57695,19158,11,104,1,4,18940.33,Incorrect Product
3423,20250103,57735,19172,549,103,12,1,5790.11,Damaged
3424,20250728,57762,19181,565,23,5,3,4793.47,Incorrect Product
3425,20240429,57795,19192,83,133,2,1,3495.82,Duplicate Order
3426,20241111,57817,19201,267,175,4,1,10747.19,Customer Changed Mind
3427,20250101,57834,19205,638,192,11,2,9276.38,Damaged
3428,20251114,57858,19211,711,177,3,3,26298.44,Quality Issue
3429,20251114,57859,19211,711,72,3,7,41730.49,Duplicate Order
3430,20251128,57872,19215,291,159,3,2,6325.04,Customer Changed Mind
3431,20240914,57901,19224,387,164,9,2,12247.42,Incorrect Product
3432,20240401,57911,19226,675,5,11,1,4520.36,Incorrect Product
3433,20240227,57923,19228,510,156,1,4,13474.92,Duplicate Order
3434,20240908,57934,19233,790,61,1,2,9068.83,Incorrect Product
3435,20240729,57939,19234,32,181,5,1,3930.09,Damaged
3436,20240713,57946,19235,367,25,3,1,2068.83,Incorrect Product
3437,20240713,57947,19235,367,62,3,2,987.09,Customer Changed Mind
3438,20240629,57953,19238,825,134,4,2,10717.07,Duplicate Order
3439,20240604,57961,19240,272,125,11,3,26338.95,Quality Issue
3440,20240604,57962,19240,272,194,11,1,6125.69,Damaged
3441,20240501,57964,19241,351,157,10,2,1887.32,Customer Changed Mind
3442,20240501,57967,19241,351,14,10,1,3429.43,Damaged
3443,20240606,57983,19246,907,182,9,1,2917.1,Quality Issue
3444,20250422,58001,19254,601,136,1,2,4262.67,Damaged
3445,20240612,58005,19255,867,156,1,1,3615.87,Customer Changed Mind
3446,20241211,58018,19260,795,147,1,1,839.02,Customer Changed Mind
3447,20241211,58019,19260,795,23,1,1,1950.58,Quality Issue
3448,20250823,58037,19265,791,111,5,2,10236.15,Duplicate Order
3449,20250815,58050,19268,511,163,10,6,37490.13,Duplicate Order
3450,20250303,58054,19270,1000,46,2,3,969.67,Customer Changed Mind
3451,20250422,58060,19272,507,61,9,4,13930.82,Incorrect Product
3452,20240511,58067,19274,644,116,7,4,22932.67,Incorrect Product
3453,20240511,58070,19274,644,83,7,1,1107.74,Customer Changed Mind
3454,20250926,58076,19277,469,141,10,3,6362.22,Duplicate Order
3455,20250926,58077,19277,469,33,10,1,3357.36,Damaged
3456,20241222,58103,19286,394,51,9,2,7634.69,Quality Issue
3457,20251023,58108,19287,883,5,3,2,7881.45,Customer Changed Mind
3458,20250415,58117,19290,167,10,5,2,5701.94,Damaged
3459,20251102,58122,19292,10,194,10,4,30761.3,Duplicate Order
3460,20241004,58132,19295,237,125,8,1,9069.17,Quality Issue
3461,20240608,58150,19300,640,154,12,2,4607.29,Damaged
3462,20240228,58165,19304,991,197,5,4,16991.46,Incorrect Product
3463,20240421,58168,19305,416,38,1,6,48484.0,Customer Changed Mind
3464,20240910,58184,19311,224,138,7,7,8806.2,Quality Issue
3465,20250328,58194,19313,840,77,2,1,5286.13,Customer Changed Mind
3466,20250529,58196,19314,156,103,6,2,10375.83,Incorrect Product
3467,20251120,58215,19321,295,76,7,1,4437.36,Duplicate Order
3468,20240104,58217,19322,221,147,10,2,1414.89,Quality Issue
3469,20241218,58226,19325,406,195,6,1,7762.38,Duplicate Order
3470,20241218,58237,19329,559,195,5,3,26592.51,Customer Changed Mind
3471,20240316,58263,19338,207,138,12,1,1268.85,Incorrect Product
3472,20250501,58299,19350,704,47,9,1,3181.54,Quality Issue
3473,20250609,58326,19359,194,2,6,2,11384.93,Customer Changed Mind
3474,20241001,58352,19366,680,11,2,3,22583.64,Customer Changed Mind
3475,20241210,58361,19368,476,14,6,5,15789.07,Quality Issue
3476,20240518,58404,19381,276,121,5,1,1556.41,Duplicate Order
3477,20250202,58426,19388,363,75,3,1,6221.01,Customer Changed Mind
3478,20250708,58436,19392,982,8,6,3,16816.04,Customer Changed Mind
3479,20251115,58485,19410,7,154,8,1,2277.81,Damaged
3480,20240821,58495,19415,353,196,10,1,2458.6,Damaged
3481,20240706,58504,19420,147,81,9,3,3848.24,Incorrect Product
3482,20251011,58517,19425,664,173,4,2,11290.53,Incorrect Product
3483,20250629,58522,19426,52,151,1,2,18880.37,Quality Issue
3484,20240508,58526,19427,221,71,6,5,13372.43,Incorrect Product
3485,20241103,58548,19434,406,93,9,1,555.56,Customer Changed Mind
3486,20240914,58557,19436,195,153,6,1,199.19,Incorrect Product
3487,20241007,58561,19437,760,155,9,3,13815.56,Customer Changed Mind
3488,20250511,58574,19442,266,35,1,1,1312.45,Incorrect Product
3489,20250320,58597,19450,342,98,1,2,1264.45,Customer Changed Mind
3490,20241114,58599,19451,756,97,12,3,10357.86,Damaged
3491,20251221,58633,19461,682,98,8,1,716.42,Incorrect Product
3492,20240627,58635,19463,827,53,7,1,995.29,Duplicate Order
3493,20250317,58641,19466,598,183,2,2,11495.62,Damaged
3494,20250410,58653,19470,651,52,7,1,7895.43,Damaged
3495,20240828,58659,19472,788,191,5,5,19363.71,Quality Issue
3496,20240213,58668,19474,155,160,12,1,2627.75,Duplicate Order
3497,20241209,58678,19476,972,71,6,1,2295.26,Quality Issue
3498,20250717,58688,19480,267,127,3,3,5754.28,Incorrect Product
3499,20250918,58730,19495,209,105,2,2,8451.75,Quality Issue
3500,20250918,58732,19495,209,183,2,3,15613.24,Incorrect Product
3501,20241104,58735,19496,422,168,7,3,6891.55,Damaged
3502,20250623,58756,19502,508,110,6,2,241.35,Customer Changed Mind
3503,20251110,58781,19511,474,109,2,2,15559.38,Quality Issue
3504,20250224,58792,19513,447,50,6,5,6446.54,Incorrect Product
3505,20240817,58806,19518,428,186,11,1,6533.11,Duplicate Order
3506,20251205,58822,19525,881,80,1,4,38161.9,Damaged
3507,20250705,58828,19527,695,35,11,2,3095.17,Quality Issue
3508,20251220,58868,19540,209,129,4,1,5106.33,Quality Issue
3509,20250611,58873,19542,150,124,10,4,16891.81,Damaged
3510,20250302,58903,19552,138,45,9,1,5505.61,Incorrect Product
3511,20240719,58912,19556,500,156,10,4,17507.17,Customer Changed Mind
3512,20250916,58940,19567,510,70,5,2,3356.94,Duplicate Order
3513,20250729,58965,19576,750,134,5,3,13236.89,Customer Changed Mind
3514,20251016,59009,19592,412,174,11,2,5180.89,Quality Issue
3515,20250502,59022,19595,499,5,9,1,3991.16,Damaged
3516,20240407,59037,19602,273,124,1,4,15453.72,Quality Issue
3517,20250710,59044,19604,131,31,6,3,23329.81,Damaged
3518,20250501,59061,19608,289,112,9,2,11057.28,Quality Issue
3519,20240714,59068,19610,688,109,7,5,24563.79,Incorrect Product
3520,20240323,59085,19615,739,40,2,1,8357.79,Incorrect Product
3521,20241015,59102,19619,650,171,12,2,1588.7,Incorrect Product
3522,20240413,59173,19646,495,73,7,1,4366.64,Damaged
3523,20240413,59176,19646,495,96,7,5,17114.55,Damaged
3524,20240619,59199,19658,330,108,12,5,42292.14,Duplicate Order
3525,20250222,59206,19660,423,144,2,2,14828.01,Incorrect Product
3526,20241204,59244,19672,808,137,2,2,2927.27,Duplicate Order
3527,20240406,59259,19677,690,71,3,5,11069.93,Damaged
3528,20240525,59293,19687,256,86,8,2,15480.24,Damaged
3529,20250812,59310,19692,541,176,2,1,2191.5,Quality Issue
3530,20250504,59356,19708,625,161,3,3,16874.38,Damaged
3531,20240520,59403,19721,29,178,11,4,31940.8,Customer Changed Mind
3532,20240617,59410,19724,979,84,12,4,18777.88,Quality Issue
3533,20241021,59420,19727,855,154,12,5,14724.41,Incorrect Product
3534,20250813,59433,19731,134,130,9,2,10773.78,Quality Issue
3535,20240310,59466,19744,436,197,7,3,11355.11,Duplicate Order
3536,20250521,59470,19745,634,133,5,3,10783.97,Duplicate Order
3537,20241024,59490,19753,639,184,11,5,28186.73,Customer Changed Mind
3538,20250928,59494,19754,356,182,4,2,7178.37,Incorrect Product
3539,20250430,59500,19756,699,68,8,3,3329.73,Incorrect Product
3540,20241114,59509,19758,866,74,8,4,17643.9,Incorrect Product
3541,20240821,59518,19761,378,12,11,1,2464.81,Quality Issue
3542,20251114,59523,19762,909,187,6,1,7054.18,Quality Issue
3543,20251227,59554,19772,783,78,4,2,13520.61,Duplicate Order
3544,20240817,59561,19774,733,160,11,1,2823.31,Damaged
3545,20251121,59567,19776,96,36,7,2,6572.17,Damaged
3546,20250606,59578,19780,958,25,8,3,6114.4,Customer Changed Mind
3547,20240907,59632,19796,911,114,11,5,6854.37,Duplicate Order
3548,20250721,59638,19797,100,164,10,3,21558.36,Damaged
3549,20241023,59639,19798,64,199,6,1,6157.51,Customer Changed Mind
3550,20240905,59641,19800,965,37,4,2,4894.43,Duplicate Order
3551,20240702,59644,19801,582,39,12,4,16688.99,Quality Issue
3552,20250214,59658,19807,648,131,9,3,10486.92,Quality Issue
3553,20241005,59685,19818,692,107,11,5,11162.78,Damaged
3554,20250609,59718,19828,939,45,10,3,17764.12,Duplicate Order
3555,20251008,59719,19829,487,55,9,2,2120.27,Customer Changed Mind
3556,20240319,59743,19834,974,15,11,4,21971.12,Damaged
3557,20250211,59762,19841,655,32,9,1,5023.75,Customer Changed Mind
3558,20250206,59765,19842,978,75,4,4,23497.28,Customer Changed Mind
3559,20240412,59767,19843,702,75,3,1,5729.14,Incorrect Product
3560,20240121,59780,19848,416,126,9,3,17759.72,Quality Issue
3561,20241208,59787,19850,156,200,8,5,20027.18,Customer Changed Mind
3562,20241208,59788,19850,156,112,8,3,20855.75,Customer Changed Mind
3563,20240208,59791,19852,740,18,2,1,2042.46,Customer Changed Mind
3564,20240721,59806,19857,686,196,4,3,5958.98,Customer Changed Mind
3565,20250303,59832,19866,210,173,6,3,13829.36,Quality Issue
3566,20250303,59833,19866,210,96,6,2,5900.76,Incorrect Product
3567,20250103,59844,19868,78,110,4,4,357.09,Damaged
3568,20250429,59868,19877,40,35,8,1,1911.47,Damaged
3569,20240102,59902,19888,617,137,7,2,3573.91,Quality Issue
3570,20250616,59916,19893,821,197,1,1,4068.72,Duplicate Order
3571,20240712,59933,19901,445,54,9,1,3471.19,Duplicate Order
3572,20250409,59957,19910,137,172,5,6,21566.04,Duplicate Order
3573,20250213,59998,19921,42,2,12,1,7574.0,Damaged
3574,20240127,60011,19926,320,172,5,3,10462.26,Incorrect Product
3575,20250925,60014,19927,863,54,11,4,14682.52,Damaged
3576,20251001,60019,19929,192,117,9,3,6067.67,Customer Changed Mind
3577,20250130,60025,19931,805,14,6,2,8290.73,Damaged
3578,20251103,60042,19939,376,153,8,2,612.58,Duplicate Order
3579,20240520,60053,19942,788,93,7,4,2106.88,Quality Issue
3580,20250422,60067,19945,776,121,5,1,1692.12,Duplicate Order
3581,20241211,60109,19961,423,24,1,1,4650.53,Customer Changed Mind
3582,20241211,60112,19961,423,5,1,1,4726.48,Customer Changed Mind
3583,20240729,60155,19976,913,162,11,1,2105.86,Damaged
3584,20250101,60160,19978,911,63,12,5,36225.76,Damaged
3585,20251229,60167,19980,352,159,1,4,10091.07,Incorrect Product
3586,20241027,60177,19984,225,138,5,1,1557.48,Quality Issue
3587,20250126,60202,19992,58,94,9,3,5602.19,Duplicate Order
3588,20250104,60217,19997,888,37,6,3,5055.27,Customer Changed Mind
3589,20250523,60233,20001,607,197,12,6,25937.46,Quality Issue
3590,20251224,60245,20005,523,50,9,1,1156.23,Duplicate Order
3591,20251112,60257,20010,460,42,12,6,38883.77,Quality Issue
3592,20251016,60302,20023,670,180,7,1,2277.92,Customer Changed Mind
3593,20240427,60312,20028,431,183,2,1,6624.92,Duplicate Order
3594,20250324,60318,20030,461,106,8,1,4355.96,Quality Issue
3595,20240307,60328,20033,356,105,1,1,4491.91,Damaged
3596,20241108,60347,20037,917,25,12,3,6713.23,Duplicate Order
3597,20250720,60379,20048,219,77,11,7,31874.39,Customer Changed Mind
3598,20250720,60381,20048,219,174,11,4,7954.94,Damaged
3599,20241218,60422,20061,235,2,6,2,15883.6,Damaged
3600,20250925,60444,20068,81,68,11,2,1929.35,Incorrect Product
3601,20240201,60462,20073,214,84,10,1,4184.14,Quality Issue
3602,20240716,60528,20094,392,199,3,1,5077.77,Duplicate Order
3603,20250303,60534,20096,621,38,10,3,17620.18,Customer Changed Mind
3604,20241025,60542,20099,17,147,4,5,4433.76,Damaged
3605,20240120,60549,20101,945,23,6,4,5104.12,Duplicate Order
3606,20240626,60551,20102,395,104,11,3,14220.02,Customer Changed Mind
3607,20250613,60560,20104,902,101,6,1,4687.88,Customer Changed Mind
3608,20240715,60587,20113,216,17,2,2,5886.44,Customer Changed Mind
3609,20250209,60602,20119,451,75,10,4,28558.71,Customer Changed Mind
3610,20250106,60608,20122,437,5,11,1,4168.94,Quality Issue
3611,20251021,60625,20127,229,195,2,1,8654.51,Incorrect Product
3612,20251021,60627,20127,229,99,2,1,5111.53,Incorrect Product
3613,20251108,60632,20128,763,33,4,2,8301.98,Quality Issue
3614,20240726,60661,20138,418,170,9,2,1968.67,Quality Issue
3615,20251106,60675,20144,740,81,9,1,1490.2,Customer Changed Mind
3616,20240529,60686,20148,354,91,4,1,1542.79,Damaged
3617,20251124,60695,20150,148,150,7,1,7249.97,Incorrect Product
3618,20250221,60713,20155,808,159,3,4,11605.03,Customer Changed Mind
3619,20250222,60737,20164,235,127,4,2,3354.28,Quality Issue
3620,20240422,60753,20169,518,30,10,5,32699.54,Quality Issue
3621,20250711,60776,20178,78,185,10,1,6625.4,Quality Issue
3622,20250110,60811,20190,545,63,3,1,5712.51,Customer Changed Mind
3623,20240714,60823,20194,839,178,8,4,28444.71,Incorrect Product
3624,20251203,60835,20201,605,190,7,2,4808.85,Incorrect Product
3625,20250819,60864,20211,744,59,5,1,2809.33,Duplicate Order
3626,20251005,60932,20233,380,17,7,1,3441.4,Damaged
3627,20250909,60980,20248,259,80,10,1,6337.13,Damaged
3628,20241231,61000,20256,146,38,8,1,10260.58,Damaged
3629,20240427,61004,20257,742,5,8,1,3282.25,Damaged
3630,20250521,61051,20272,179,169,2,1,3353.75,Damaged
3631,20250623,61073,20279,279,83,8,1,1394.2,Incorrect Product
3632,20240620,61136,20301,700,4,8,6,4866.07,Incorrect Product
3633,20240122,61142,20303,662,89,8,1,8063.56,Duplicate Order
3634,20250529,61145,20304,845,154,9,4,8228.36,Customer Changed Mind
3635,20240814,61156,20307,738,58,8,4,41758.29,Incorrect Product
3636,20241106,61167,20310,434,191,9,3,19429.68,Customer Changed Mind
3637,20240810,61195,20317,368,45,3,5,27671.45,Duplicate Order
3638,20251222,61217,20326,685,6,12,2,6538.4,Duplicate Order
3639,20240529,61259,20340,166,33,1,2,7163.55,Incorrect Product
3640,20250128,61278,20349,343,12,10,3,6845.24,Customer Changed Mind
3641,20250514,61287,20351,569,147,10,6,5149.77,Damaged
3642,20241211,61303,20356,577,170,5,1,948.09,Customer Changed Mind
3643,20240627,61311,20358,220,4,12,1,1100.25,Damaged
3644,20240328,61331,20366,50,178,6,5,30154.36,Duplicate Order
3645,20250422,61339,20369,153,60,6,2,1662.92,Damaged
3646,20251224,61371,20380,866,160,9,2,6114.47,Incorrect Product
3647,20241208,61381,20384,792,175,6,4,37596.24,Incorrect Product
3648,20251002,61391,20387,728,81,3,2,3442.94,Incorrect Product
3649,20250401,61411,20394,412,55,12,2,1989.63,Incorrect Product
3650,20241007,61456,20408,57,83,1,1,1426.05,Incorrect Product
3651,20250807,61471,20413,229,181,10,2,10196.77,Quality Issue
3652,20241020,61480,20418,149,11,5,1,4742.88,Incorrect Product
3653,20240810,61496,20422,377,173,6,7,26557.77,Customer Changed Mind
3654,20251119,61498,20424,241,5,9,1,4234.5,Quality Issue
3655,20240912,61513,20430,398,48,3,1,5708.09,Incorrect Product
3656,20240912,61514,20430,398,43,3,2,7542.22,Duplicate Order
3657,20250725,61524,20434,10,54,4,6,23272.41,Incorrect Product
3658,20250725,61525,20434,10,132,4,2,12037.53,Incorrect Product
3659,20250624,61528,20435,440,34,9,4,1444.36,Customer Changed Mind
3660,20240504,61539,20439,400,124,6,1,3346.85,Duplicate Order
3661,20251011,61549,20443,172,8,7,1,7161.34,Customer Changed Mind
3662,20240416,61551,20444,252,158,1,2,7598.93,Incorrect Product
3663,20241225,61576,20454,752,193,5,3,11281.6,Quality Issue
3664,20251111,61589,20457,262,48,4,1,6929.36,Duplicate Order
3665,20241116,61605,20462,695,92,3,2,646.29,Incorrect Product
3666,20250401,61617,20468,119,69,12,3,8458.33,Damaged
3667,20241225,61675,20486,449,55,1,5,5141.51,Duplicate Order
3668,20250102,61741,20511,277,184,4,5,25722.59,Quality Issue
3669,20250628,61746,20512,410,36,5,4,8265.83,Incorrect Product
3670,20241102,61749,20513,35,46,1,5,1714.63,Quality Issue
3671,20250919,61752,20514,746,25,4,4,7399.18,Damaged
3672,20240217,61793,20528,650,146,4,3,11721.04,Damaged
3673,20250104,61799,20529,134,136,3,3,7771.63,Duplicate Order
3674,20241226,61803,20531,257,94,11,6,13947.24,Damaged
3675,20250201,61814,20534,331,57,5,1,3117.17,Incorrect Product
3676,20251113,61866,20550,553,5,11,2,7890.72,Duplicate Order
3677,20251113,61868,20550,553,22,11,5,33278.16,Quality Issue
3678,20251230,61873,20551,273,197,4,2,10091.3,Damaged
3679,20250917,61877,20553,102,78,7,2,9939.15,Customer Changed Mind
3680,20241205,61915,20563,681,126,2,1,8180.7,Damaged
3681,20250807,61917,20564,863,124,10,4,17268.3,Duplicate Order
3682,20250807,61918,20564,863,167,10,1,503.38,Damaged
3683,20240512,61930,20569,144,163,12,1,7141.2,Duplicate Order
3684,20250309,61941,20571,270,15,11,1,6263.74,Incorrect Product
3685,20250527,61980,20582,522,58,4,6,69020.25,Incorrect Product
3686,20250427,62006,20591,606,104,3,1,5019.41,Customer Changed Mind
3687,20240120,62013,20592,596,130,1,3,21932.82,Incorrect Product
3688,20251205,62022,20594,661,113,7,1,191.7,Quality Issue
3689,20241017,62061,20606,293,102,12,1,8489.94,Customer Changed Mind
3690,20250426,62068,20608,260,115,2,1,5422.61,Customer Changed Mind
3691,20251026,62075,20610,679,44,6,6,51809.23,Damaged
3692,20250818,62082,20612,775,17,3,5,14178.96,Damaged
3693,20240514,62138,20634,700,42,12,2,10821.77,Duplicate Order
3694,20240809,62141,20636,710,168,3,5,8760.82,Damaged
3695,20241207,62150,20638,845,185,6,2,17151.71,Customer Changed Mind
3696,20241207,62153,20638,845,130,6,6,52173.17,Damaged
3697,20240211,62171,20643,24,65,9,1,2573.2,Damaged
3698,20240413,62186,20647,514,189,10,2,5315.39,Incorrect Product
3699,20241231,62205,20654,951,63,4,2,14295.89,Quality Issue
3700,20240915,62211,20656,677,117,2,1,2316.74,Customer Changed Mind
3701,20251218,62218,20659,905,14,4,2,7996.19,Quality Issue
3702,20250419,62222,20661,815,90,7,1,1623.0,Quality Issue
3703,20241204,62227,20662,293,106,7,1,4538.53,Quality Issue
3704,20240514,62241,20668,431,121,7,1,2185.65,Duplicate Order
3705,20240320,62243,20669,357,44,7,4,21883.75,Damaged
3706,20250311,62248,20670,225,113,2,2,353.8,Damaged
3707,20240310,62265,20676,849,43,5,2,11796.7,Duplicate Order
3708,20240621,62289,20683,598,154,6,3,7558.19,Quality Issue
3709,20251225,62317,20693,498,192,12,2,10039.2,Customer Changed Mind
3710,20240901,62384,20711,720,192,6,1,5024.91,Quality Issue
3711,20241226,62424,20726,396,113,8,2,377.84,Incorrect Product
3712,20241226,62425,20726,396,3,8,1,1452.02,Duplicate Order
3713,20250426,62427,20727,886,17,1,1,2249.63,Incorrect Product
3714,20251115,62446,20734,330,154,8,1,2603.16,Duplicate Order
3715,20250323,62456,20738,36,149,4,1,1598.74,Duplicate Order
3716,20250503,62469,20744,829,91,1,6,10785.99,Duplicate Order
3717,20240201,62502,20757,919,184,8,1,5394.4,Quality Issue
3718,20240201,62503,20757,919,70,8,1,2248.91,Quality Issue
3719,20250422,62534,20768,83,197,9,1,4760.98,Duplicate Order
3720,20240324,62563,20780,11,73,11,7,35433.84,Quality Issue
3721,20251005,62612,20798,197,128,6,3,1120.57,Incorrect Product
3722,20240101,62634,20807,372,135,5,2,7085.03,Quality Issue
3723,20240221,62644,20811,388,33,8,1,2763.12,Damaged
3724,20240506,62661,20817,864,171,3,4,2633.64,Customer Changed Mind
3725,20240921,62674,20822,638,104,12,2,9573.11,Quality Issue
3726,20250108,62703,20832,226,47,7,3,8138.68,Incorrect Product
3727,20241112,62714,20836,313,60,11,1,1209.78,Damaged
3728,20240412,62716,20837,16,50,3,4,3451.33,Duplicate Order
3729,20240412,62718,20837,16,84,3,2,8266.59,Damaged
3730,20250423,62746,20845,956,70,6,1,1537.92,Quality Issue
3731,20240610,62755,20848,76,33,7,2,7691.51,Incorrect Product
3732,20250819,62774,20855,520,164,9,1,6968.0,Damaged
3733,20240804,62809,20867,636,125,3,5,37223.14,Quality Issue
3734,20250430,62818,20871,869,3,4,2,2670.51,Damaged
3735,20240518,62828,20873,690,164,6,2,13654.44,Incorrect Product
3736,20240522,62876,20888,71,22,10,5,20864.31,Quality Issue
3737,20251113,62886,20891,599,151,11,3,26022.04,Duplicate Order
3738,20240106,62941,20913,432,41,8,5,20296.12,Incorrect Product
3739,20250315,62952,20917,233,73,6,1,5597.55,Duplicate Order
3740,20240420,62955,20918,565,92,2,2,488.06,Duplicate Order
3741,20241213,62980,20925,612,125,4,2,19031.13,Duplicate Order
3742,20240110,62982,20926,617,87,3,5,19537.56,Quality Issue
3743,20251129,63009,20935,442,47,11,4,13017.32,Damaged
3744,20250331,63041,20947,70,31,11,6,41214.21,Customer Changed Mind
3745,20241125,63097,20964,709,22,3,4,23291.54,Customer Changed Mind
3746,20240323,63129,20974,524,1,1,1,3281.13,Quality Issue
3747,20240806,63185,20995,205,30,4,3,24010.39,Damaged
3748,20240610,63190,20997,992,124,9,4,14749.5,Incorrect Product
3749,20250623,63207,21002,112,178,5,5,27652.13,Damaged
3750,20251007,63211,21003,326,153,8,7,1844.12,Customer Changed Mind
3751,20250727,63220,21007,754,18,5,1,2139.12,Damaged
3752,20240511,63230,21011,59,157,11,4,5930.88,Incorrect Product
3753,20250210,63236,21012,17,103,7,1,6240.68,Duplicate Order
3754,20240604,63241,21014,502,54,11,1,4093.26,Quality Issue
3755,20250904,63286,21031,484,14,9,3,9364.33,Duplicate Order
3756,20251017,63288,21033,7,80,3,5,50368.31,Damaged
3757,20240127,63327,21046,263,67,10,1,1150.97,Incorrect Product
3758,20250510,63336,21048,917,41,11,1,4138.67,Quality Issue
3759,20251229,63354,21055,627,136,2,4,9581.84,Incorrect Product
3760,20250802,63367,21058,612,69,7,1,3443.59,Duplicate Order
3761,20240911,63383,21063,640,35,1,7,11947.59,Duplicate Order
3762,20240118,63401,21068,842,78,2,1,5126.66,Customer Changed Mind
3763,20251210,63425,21077,459,142,8,1,4547.64,Incorrect Product
3764,20251210,63426,21077,459,131,8,6,21688.84,Damaged
3765,20250616,63433,21081,549,51,12,5,20947.12,Duplicate Order
3766,20250802,63440,21082,923,55,3,2,2193.66,Duplicate Order
3767,20250826,63451,21087,159,148,10,1,924.76,Duplicate Order
3768,20240123,63468,21093,70,197,7,2,8150.12,Damaged
3769,20240411,63470,21094,325,145,9,4,2412.4,Customer Changed Mind
3770,20241012,63476,21096,916,36,5,6,19394.12,Duplicate Order
3771,20241206,63504,21104,123,117,9,2,4963.68,Customer Changed Mind
3772,20240319,63509,21105,624,111,1,3,14994.4,Customer Changed Mind
3773,20240319,63510,21105,624,76,1,2,6221.31,Incorrect Product
3774,20240224,63528,21110,456,89,5,6,46608.76,Damaged
3775,20240507,63544,21114,135,47,5,2,7226.94,Customer Changed Mind
3776,20241013,63560,21119,77,135,3,3,13133.92,Incorrect Product
3777,20250412,63581,21129,702,191,4,3,14659.92,Quality Issue
3778,20240717,63613,21139,990,125,5,2,17689.22,Duplicate Order
3779,20250127,63618,21140,237,136,4,2,4083.82,Duplicate Order
3780,20250807,63627,21143,939,66,9,1,4767.27,Duplicate Order
3781,20240907,63654,21152,45,103,2,2,9170.35,Damaged
3782,20250512,63701,21168,453,66,2,3,12925.23,Duplicate Order
3783,20240429,63714,21171,122,56,4,1,6389.04,Duplicate Order
3784,20240527,63766,21191,693,66,11,3,10130.33,Customer Changed Mind
3785,20240803,63771,21192,269,71,10,1,2204.32,Quality Issue
3786,20240409,63801,21201,223,112,12,2,10662.88,Duplicate Order
3787,20240421,63815,21205,559,84,10,2,8637.83,Customer Changed Mind
3788,20250125,63822,21208,318,58,3,2,19868.89,Incorrect Product
3789,20240129,63859,21219,359,139,4,1,5539.91,Duplicate Order
3790,20241108,63882,21225,205,79,8,2,13521.39,Incorrect Product
3791,20240226,63906,21232,875,161,6,3,17102.88,Damaged
3792,20250123,63925,21237,6,152,5,1,6272.27,Quality Issue
3793,20240628,63935,21240,957,69,4,7,21706.69,Quality Issue
3794,20250528,63957,21245,540,159,3,1,2094.79,Incorrect Product
3795,20241122,63970,21250,108,173,3,2,10241.0,Damaged
3796,20240729,63973,21251,349,54,8,2,10053.1,Customer Changed Mind
3797,20250706,63996,21258,966,63,12,1,4694.21,Duplicate Order
3798,20251125,64006,21260,906,195,7,6,50995.11,Incorrect Product
3799,20250204,64016,21263,421,47,11,2,6661.0,Duplicate Order
3800,20240712,64026,21266,881,21,7,1,2971.1,Customer Changed Mind
3801,20251108,64030,21267,227,180,9,2,3744.33,Incorrect Product
3802,20240418,64032,21268,555,176,12,1,2192.84,Quality Issue
3803,20240119,64068,21279,81,117,5,3,6688.4,Duplicate Order
3804,20251022,64074,21281,998,2,11,1,6065.33,Incorrect Product
3805,20250722,64084,21284,635,129,3,1,4813.42,Damaged
3806,20250824,64090,21286,440,83,4,5,6665.37,Quality Issue
3807,20240704,64102,21289,851,59,5,4,10094.78,Customer Changed Mind
3808,20250328,64104,21290,517,38,8,3,20545.81,Duplicate Order
3809,20241112,64116,21292,13,56,12,2,10884.18,Quality Issue
3810,20241107,64125,21296,64,6,5,1,4412.59,Duplicate Order
3811,20250328,64142,21303,645,164,8,2,10877.43,Damaged
3812,20250218,64150,21306,114,7,10,5,813.17,Quality Issue
3813,20250218,64154,21306,114,70,10,4,6279.12,Customer Changed Mind
3814,20240717,64190,21318,516,145,2,2,1253.5,Duplicate Order
3815,20241112,64199,21321,671,91,11,3,4830.51,Quality Issue
3816,20250103,64285,21355,635,4,6,3,2537.28,Quality Issue
3817,20250922,64297,21359,369,42,3,3,17130.93,Customer Changed Mind
3818,20241130,64327,21372,22,195,3,2,20377.39,Quality Issue
3819,20250630,64338,21374,321,38,1,1,7063.17,Duplicate Order
3820,20240222,64340,21375,807,49,7,6,22993.07,Damaged
3821,20240311,64361,21381,754,26,1,2,6151.99,Customer Changed Mind
3822,20250413,64389,21391,527,180,8,2,3118.07,Duplicate Order
3823,20250413,64390,21391,527,18,8,3,7887.44,Incorrect Product
3824,20240415,64400,21393,737,111,9,3,14819.12,Quality Issue
3825,20251222,64409,21395,827,184,12,1,5908.45,Incorrect Product
3826,20240805,64412,21396,809,12,12,2,6069.36,Customer Changed Mind
3827,20250905,64447,21409,523,45,3,2,9105.67,Duplicate Order
3828,20240501,64465,21415,802,88,2,1,3588.86,Duplicate Order
3829,20241229,64499,21427,745,10,11,7,24169.62,Incorrect Product
3830,20240414,64529,21436,812,6,12,2,4948.07,Duplicate Order
3831,20251224,64541,21439,305,177,7,7,66455.49,Duplicate Order
3832,20240323,64546,21441,278,156,2,1,3469.9,Quality Issue
3833,20250130,64573,21450,834,175,3,1,8132.68,Damaged
3834,20250829,64578,21452,366,84,11,2,8174.44,Duplicate Order
3835,20241111,64630,21473,720,83,6,5,8879.86,Customer Changed Mind
3836,20250426,64646,21478,297,28,9,1,313.1,Incorrect Product
3837,20250426,64649,21478,297,181,9,2,9913.97,Customer Changed Mind
3838,20240526,64653,21479,567,97,9,5,15359.41,Customer Changed Mind
3839,20240131,64660,21482,67,165,10,1,5257.65,Incorrect Product
3840,20250425,64667,21484,855,123,12,1,6301.74,Duplicate Order
3841,20250425,64668,21484,855,9,12,3,10483.36,Quality Issue
3842,20250425,64669,21484,855,110,12,1,92.42,Damaged
3843,20250127,64674,21485,549,197,8,1,3722.41,Damaged
3844,20250825,64699,21496,277,89,3,2,15964.04,Quality Issue
3845,20240908,64701,21498,611,1,9,7,24887.83,Duplicate Order
3846,20240109,64746,21514,385,188,6,1,3445.4,Customer Changed Mind
3847,20241221,64783,21524,673,136,2,2,5038.86,Quality Issue
3848,20250325,64788,21526,960,190,6,2,4405.41,Duplicate Order
3849,20251218,64798,21529,724,116,2,2,12924.89,Incorrect Product
3850,20251227,64822,21536,276,26,4,1,4380.7,Incorrect Product
3851,20240107,64827,21538,741,30,2,2,16301.34,Incorrect Product
3852,20251213,64829,21539,184,155,4,5,24540.34,Duplicate Order
3853,20240829,64835,21541,748,14,10,2,6168.54,Incorrect Product
3854,20250325,64866,21552,196,113,5,7,1077.16,Damaged
3855,20251004,64868,21553,82,79,7,4,20661.27,Incorrect Product
3856,20251004,64872,21553,82,76,7,3,12475.64,Quality Issue
3857,20240811,64878,21556,311,131,8,1,2888.74,Quality Issue
3858,20240709,64929,21576,205,93,6,1,675.62,Damaged
3859,20240418,64965,21588,461,23,3,3,4562.82,Quality Issue
3860,20240312,64996,21598,713,103,12,4,21242.32,Duplicate Order
3861,20250131,65005,21601,41,7,11,2,345.68,Duplicate Order
3862,20240302,65023,21607,809,150,8,1,4924.01,Duplicate Order
3863,20240831,65033,21610,506,75,6,5,43641.47,Customer Changed Mind
3864,20250321,65064,21622,383,177,11,2,13689.25,Duplicate Order
3865,20250209,65071,21624,489,45,5,4,18369.76,Duplicate Order
3866,20251222,65087,21629,291,114,8,7,10381.25,Quality Issue
3867,20250725,65090,21630,678,74,11,1,4007.14,Quality Issue
3868,20250213,65094,21631,921,166,11,4,24402.85,Duplicate Order
3869,20240810,65099,21632,933,182,11,4,10315.3,Incorrect Product
3870,20241002,65117,21637,126,199,11,6,33600.43,Damaged
3871,20250401,65119,21638,854,141,2,1,2082.61,Incorrect Product
3872,20240601,65142,21646,953,96,4,5,19624.64,Duplicate Order
3873,20240427,65148,21647,275,132,7,5,41220.0,Damaged
3874,20251228,65162,21652,222,170,2,2,2137.98,Duplicate Order
3875,20241224,65167,21654,832,144,6,7,81450.16,Incorrect Product
3876,20250127,65179,21658,625,104,12,1,4701.68,Duplicate Order
3877,20250827,65184,21659,916,134,5,5,19402.85,Incorrect Product
3878,20240509,65194,21662,516,103,7,2,11531.53,Duplicate Order
3879,20240602,65197,21663,108,24,8,2,8273.63,Duplicate Order
3880,20250613,65234,21675,408,147,10,5,3610.84,Customer Changed Mind
3881,20241014,65242,21678,346,34,10,3,1214.18,Quality Issue
3882,20240413,65260,21685,739,24,1,2,9405.15,Damaged
3883,20251215,65270,21689,124,197,4,1,5559.92,Damaged
3884,20240519,65272,21690,759,71,3,1,2162.69,Quality Issue
3885,20250128,65354,21719,692,58,10,1,7343.96,Duplicate Order
3886,20240527,65363,21722,689,131,5,6,18819.52,Incorrect Product
3887,20251217,65381,21726,774,31,11,1,7703.73,Quality Issue
3888,20240421,65399,21732,217,18,6,1,2518.96,Customer Changed Mind
3889,20240305,65418,21740,939,27,6,1,4255.04,Duplicate Order
3890,20250725,65479,21761,969,170,2,1,770.64,Incorrect Product
3891,20250725,65481,21761,969,95,2,6,21216.39,Incorrect Product
3892,20250404,65501,21767,293,15,7,6,28415.98,Duplicate Order
3893,20250901,65506,21770,268,163,12,3,17794.51,Duplicate Order
3894,20240307,65508,21771,748,134,3,1,4343.97,Incorrect Product
3895,20251001,65570,21792,304,192,8,6,32842.67,Customer Changed Mind
3896,20250516,65577,21795,731,105,11,1,3886.36,Incorrect Product
3897,20250119,65599,21803,753,2,2,2,14530.13,Customer Changed Mind
3898,20250124,65617,21809,165,81,3,1,1343.81,Customer Changed Mind
3899,20250918,65628,21813,495,169,9,2,8766.6,Incorrect Product
3900,20250404,65647,21821,377,1,4,2,7559.12,Duplicate Order
3901,20250929,65701,21837,683,149,8,7,10052.1,Quality Issue
3902,20251026,65715,21843,787,105,8,2,10675.9,Damaged
3903,20250820,65725,21847,462,144,12,1,10946.85,Duplicate Order
3904,20250224,65747,21855,712,86,7,2,14240.35,Incorrect Product
3905,20240711,65793,21869,893,116,6,3,16516.27,Quality Issue
3906,20250529,65804,21872,147,144,11,2,14362.4,Customer Changed Mind
3907,20240805,65817,21879,614,193,2,1,3302.24,Duplicate Order
3908,20250510,65838,21885,751,139,9,4,28227.79,Duplicate Order
3909,20240205,65873,21894,915,92,6,1,302.69,Quality Issue
3910,20241013,65882,21896,406,36,11,3,9853.39,Duplicate Order
3911,20250321,65948,21918,384,11,5,4,17894.31,Incorrect Product
3912,20250529,65967,21924,98,49,3,2,7280.56,Duplicate Order
3913,20250806,65987,21929,336,74,6,1,4385.94,Damaged
3914,20240710,66014,21938,106,143,2,3,16264.61,Damaged
3915,20250731,66057,21951,53,102,2,1,7332.49,Incorrect Product
3916,20240403,66063,21953,876,78,4,2,9732.26,Customer Changed Mind
3917,20250502,66069,21955,926,14,7,4,13108.64,Incorrect Product
3918,20250426,66073,21956,473,184,8,4,19812.45,Duplicate Order
3919,20240921,66079,21957,424,20,5,4,7848.83,Duplicate Order
3920,20240107,66090,21960,474,25,6,2,4451.9,Damaged
3921,20250730,66119,21972,369,197,7,6,26256.72,Customer Changed Mind
3922,20251202,66124,21973,426,77,6,4,19547.85,Customer Changed Mind
3923,20250813,66126,21974,772,49,2,1,3821.05,Damaged
3924,20250616,66127,21975,141,77,1,2,11220.19,Quality Issue
3925,20250610,66158,21986,320,11,5,4,24659.2,Duplicate Order
3926,20250710,66185,21994,448,181,11,2,10649.05,Duplicate Order
3927,20240601,66195,21996,191,11,8,2,9226.13,Quality Issue
3928,20240913,66197,21997,771,141,11,1,2057.26,Customer Changed Mind
3929,20250220,66238,22012,369,33,1,4,14960.14,Damaged
3930,20250220,66239,22012,369,28,1,3,1020.2,Customer Changed Mind
3931,20250220,66240,22012,369,108,1,1,7306.06,Incorrect Product
3932,20251202,66250,22015,142,24,8,1,4864.75,Damaged
3933,20240315,66268,22021,802,192,5,5,17221.15,Customer Changed Mind
3934,20251027,66324,22040,164,185,10,3,23414.62,Duplicate Order
3935,20240919,66334,22042,542,96,3,2,7836.0,Customer Changed Mind
3936,20250118,66353,22050,755,93,5,1,635.23,Damaged
3937,20240318,66358,22051,496,144,10,7,65394.67,Incorrect Product
3938,20240428,66374,22057,409,114,1,1,1300.28,Customer Changed Mind
3939,20240428,66375,22057,409,101,1,2,10042.34,Quality Issue
3940,20250908,66393,22063,537,54,7,1,4243.02,Damaged
3941,20250219,66420,22073,981,163,12,1,7634.92,Quality Issue
3942,20251019,66428,22076,966,178,1,1,8540.06,Quality Issue
3943,20251021,66436,22079,358,76,8,2,8230.41,Customer Changed Mind
3944,20241102,66452,22085,82,137,5,4,7831.91,Customer Changed Mind
3945,20250212,66492,22100,429,127,4,1,1298.48,Quality Issue
3946,20240223,66502,22103,782,134,3,2,11713.35,Incorrect Product
3947,20250106,66517,22108,455,109,7,4,26736.2,Quality Issue
3948,20251229,66547,22117,690,52,6,2,17129.99,Incorrect Product
3949,20240923,66558,22120,689,146,10,2,9404.83,Quality Issue
3950,20240315,66584,22128,938,91,10,2,3351.02,Damaged
3951,20241231,66597,22131,826,42,4,5,27555.62,Incorrect Product
3952,20250404,66603,22132,914,176,11,1,2221.68,Customer Changed Mind
3953,20251127,66632,22140,46,116,1,3,17904.13,Quality Issue
3954,20241110,66648,22146,518,189,12,1,2103.64,Customer Changed Mind
3955,20241017,66678,22154,639,23,4,3,5936.74,Damaged
3956,20250205,66680,22155,52,173,9,1,5039.6,Duplicate Order
3957,20250305,66696,22160,550,5,7,1,3175.54,Customer Changed Mind
3958,20250309,66701,22161,934,180,2,1,2177.44,Damaged
3959,20251116,66709,22163,419,29,11,1,2354.26,Incorrect Product
3960,20251014,66757,22180,54,71,11,1,2070.93,Customer Changed Mind
3961,20250716,66761,22182,198,2,7,1,6239.53,Damaged
3962,20240907,66769,22184,677,179,11,2,8773.23,Incorrect Product
3963,20250731,66794,22193,234,39,12,1,4504.29,Quality Issue
3964,20240117,66804,22196,683,98,12,3,2166.51,Quality Issue
3965,20251007,66809,22197,555,18,3,4,11926.94,Incorrect Product
3966,20240605,66817,22201,427,189,8,3,6925.19,Damaged
3967,20250115,66832,22207,205,41,3,1,4454.2,Incorrect Product
3968,20240930,66889,22227,847,126,10,1,6958.74,Duplicate Order
3969,20240930,66890,22227,847,122,10,2,10269.99,Quality Issue
3970,20241104,66902,22234,760,198,8,2,7338.46,Customer Changed Mind
3971,20240614,66914,22238,10,153,5,2,509.43,Customer Changed Mind
3972,20240707,66940,22247,182,49,3,5,20108.42,Incorrect Product
3973,20250821,66960,22252,503,41,6,2,6459.06,Damaged
3974,20240709,66966,22254,656,119,2,1,3062.9,Duplicate Order
3975,20241130,66971,22255,417,26,8,3,11534.72,Quality Issue
3976,20251120,66972,22256,784,10,8,2,5954.31,Customer Changed Mind
3977,20251129,66987,22261,519,22,3,1,5217.77,Customer Changed Mind
3978,20250813,67000,22266,875,111,8,5,25820.17,Quality Issue
3979,20250527,67007,22268,283,60,8,3,2192.6,Damaged
3980,20251215,67013,22270,246,123,7,5,30102.9,Quality Issue
3981,20251230,67040,22276,688,85,8,2,806.06,Incorrect Product
3982,20250904,67042,22278,277,125,1,1,9081.95,Duplicate Order
3983,20251231,67065,22289,375,52,6,5,48006.03,Quality Issue
3984,20240716,67102,22301,739,190,3,1,1602.14,Duplicate Order
3985,20250603,67115,22304,564,36,7,5,12886.09,Duplicate Order
3986,20250509,67123,22306,433,102,4,4,20170.56,Quality Issue
3987,20250408,67156,22320,813,183,4,2,11041.38,Incorrect Product
3988,20241003,67204,22334,863,163,3,1,7426.48,Quality Issue
3989,20241218,67217,22337,521,118,2,5,44134.82,Damaged
3990,20240707,67227,22339,518,128,3,5,2401.76,Quality Issue
3991,20250116,67275,22354,230,139,12,1,5530.16,Duplicate Order
3992,20250113,67280,22357,124,46,7,1,485.37,Customer Changed Mind
3993,20240911,67372,22391,70,95,12,1,4075.73,Damaged
3994,20241217,67408,22405,870,196,1,4,10757.7,Duplicate Order
3995,20241017,67429,22410,171,11,6,3,16851.72,Quality Issue
3996,20250705,67473,22426,240,186,8,1,7191.02,Quality Issue
3997,20240730,67489,22431,795,97,11,3,8122.22,Incorrect Product
3998,20250218,67531,22448,306,95,3,3,11637.02,Duplicate Order
3999,20250218,67532,22448,306,26,3,1,3190.39,Damaged
4000,20240309,67542,22451,473,138,10,2,3317.1,Quality Issue
4001,20251227,67549,22453,145,91,7,3,5537.92,Damaged
4002,20240716,67551,22454,436,164,10,2,12996.92,Duplicate Order
4003,20250122,67554,22455,563,33,7,4,13110.63,Incorrect Product
4004,20250604,67557,22457,537,64,3,5,14228.18,Damaged
4005,20240905,67586,22466,104,145,5,3,1893.76,Incorrect Product
4006,20250323,67591,22467,819,172,12,1,3017.51,Duplicate Order
4007,20250701,67612,22473,815,99,1,2,10460.77,Damaged
4008,20240212,67615,22475,909,53,11,2,1909.29,Damaged
4009,20241006,67653,22485,627,73,6,2,13662.96,Incorrect Product
4010,20250424,67663,22488,721,73,3,1,5898.56,Quality Issue
4011,20251107,67696,22498,1000,9,1,1,3852.22,Incorrect Product
4012,20240308,67717,22502,641,42,8,1,4451.51,Duplicate Order
4013,20240822,67741,22512,786,41,11,2,9077.74,Duplicate Order
4014,20250110,67745,22515,241,17,5,5,13409.33,Incorrect Product
4015,20250110,67746,22515,241,78,5,1,5018.51,Incorrect Product
4016,20250912,67766,22521,936,69,12,3,10783.13,Quality Issue
4017,20241117,67773,22524,777,128,1,1,389.39,Damaged
4018,20241228,67775,22526,171,70,2,5,12072.11,Customer Changed Mind
4019,20241127,67780,22527,553,42,7,1,7096.15,Incorrect Product
4020,20240609,67783,22528,159,181,5,1,4323.08,Quality Issue
4021,20240216,67794,22532,120,182,12,1,3810.12,Customer Changed Mind
4022,20250919,67801,22534,642,42,6,1,4834.69,Duplicate Order
4023,20250919,67802,22534,642,14,6,1,2649.3,Incorrect Product
4024,20240118,67808,22536,992,126,1,6,37759.3,Customer Changed Mind
4025,20240718,67817,22540,604,161,6,1,5725.89,Duplicate Order
4026,20240909,67838,22547,569,195,11,1,9129.81,Customer Changed Mind
4027,20250203,67841,22548,821,98,4,2,1389.54,Damaged
4028,20240830,67864,22554,178,83,8,2,2519.42,Damaged
4029,20240830,67867,22554,178,161,8,2,11657.34,Customer Changed Mind
4030,20250303,67876,22556,259,197,10,1,4894.78,Quality Issue
4031,20251021,67878,22558,82,125,7,1,7122.11,Customer Changed Mind
4032,20241023,67882,22559,813,176,3,1,2074.7,Duplicate Order
4033,20240731,67884,22560,889,87,6,5,17395.76,Damaged
4034,20241217,67916,22572,295,34,4,3,1009.37,Quality Issue
4035,20241210,67927,22575,579,170,5,2,1486.88,Customer Changed Mind
4036,20241022,67962,22589,823,155,9,1,5306.88,Incorrect Product
4037,20250904,67974,22592,706,77,4,1,3947.52,Incorrect Product
4038,20241122,68005,22604,315,10,4,5,12844.19,Damaged
4039,20240207,68014,22608,184,114,5,2,2605.1,Damaged
4040,20250807,68024,22611,600,148,1,1,853.42,Damaged
4041,20241230,68064,22622,414,160,9,1,2414.24,Incorrect Product
4042,20250316,68093,22635,77,80,1,1,6000.07,Damaged
4043,20250719,68103,22639,186,37,7,5,8762.63,Duplicate Order
4044,20250211,68129,22648,659,140,1,2,1506.54,Damaged
4045,20240615,68137,22650,790,37,7,5,8860.58,Quality Issue
4046,20250205,68147,22654,133,140,8,2,2102.96,Duplicate Order
4047,20250614,68152,22655,277,169,11,1,3962.13,Quality Issue
4048,20251014,68160,22657,946,134,1,1,6650.39,Duplicate Order
4049,20241115,68221,22676,989,133,12,2,8844.54,Quality Issue
4050,20240420,68242,22683,931,107,8,3,6453.14,Damaged
4051,20250801,68246,22684,252,147,8,2,1395.26,Duplicate Order
4052,20240905,68250,22685,79,138,10,1,1421.76,Damaged
4053,20251015,68261,22688,762,76,1,1,3431.93,Incorrect Product
4054,20240604,68301,22699,916,169,9,1,4340.88,Customer Changed Mind
4055,20240620,68371,22721,410,22,4,2,8181.16,Quality Issue
4056,20250803,68374,22722,197,117,10,1,1899.26,Quality Issue
4057,20250115,68386,22724,805,122,12,2,8579.42,Quality Issue
4058,20250212,68414,22733,164,73,5,4,18038.96,Incorrect Product
4059,20250920,68424,22737,307,137,2,5,6789.78,Customer Changed Mind
4060,20241108,68437,22742,971,39,9,1,4543.26,Quality Issue
4061,20250321,68466,22751,602,138,3,1,1569.31,Duplicate Order
4062,20250712,68471,22753,245,167,3,2,1038.2,Damaged
4063,20240111,68477,22754,598,100,3,5,3403.7,Customer Changed Mind
4064,20250720,68488,22758,966,182,8,5,15288.91,Customer Changed Mind
4065,20250823,68497,22761,726,189,8,4,8069.68,Damaged
4066,20240608,68507,22764,701,64,2,1,2818.46,Incorrect Product
4067,20241208,68527,22771,232,21,8,4,14871.95,Customer Changed Mind
4068,20241208,68528,22771,232,177,8,2,17572.47,Incorrect Product
4069,20250409,68551,22778,995,196,3,2,4714.68,Quality Issue
4070,20240211,68568,22782,498,186,5,2,12356.28,Incorrect Product
4071,20250822,68586,22786,1,78,7,1,4966.92,Customer Changed Mind
4072,20240828,68595,22790,660,171,8,2,1364.35,Damaged
4073,20240314,68629,22801,565,196,7,4,9177.84,Incorrect Product
4074,20250624,68632,22802,819,43,2,3,14227.35,Customer Changed Mind
4075,20251221,68641,22805,686,24,12,2,8672.8,Quality Issue
4076,20250601,68644,22806,591,141,5,1,2445.45,Incorrect Product
4077,20251025,68654,22810,106,177,2,6,45603.26,Damaged
4078,20251125,68659,22812,812,26,10,7,21706.14,Incorrect Product
4079,20240722,68691,22823,871,124,7,4,13011.62,Damaged
4080,20250322,68693,22824,921,147,4,2,1278.11,Customer Changed Mind
4081,20250613,68701,22827,140,159,4,7,14212.01,Quality Issue
4082,20250808,68746,22844,298,5,3,4,13843.28,Incorrect Product
4083,20250913,68776,22853,757,75,4,2,15357.94,Customer Changed Mind
4084,20240507,68782,22856,193,48,2,4,22398.19,Duplicate Order
4085,20241108,68794,22860,120,7,5,4,739.54,Quality Issue
4086,20250525,68807,22865,802,133,12,1,4535.56,Damaged
4087,20250124,68820,22870,484,51,8,3,10678.14,Duplicate Order
4088,20241021,68831,22873,707,116,10,3,19615.9,Incorrect Product
4089,20251007,68855,22882,616,142,8,1,3666.07,Damaged
4090,20241030,68863,22884,797,13,10,2,18029.26,Customer Changed Mind
4091,20240720,68870,22887,948,29,3,1,1991.72,Quality Issue
4092,20250214,68907,22900,998,113,9,1,188.55,Incorrect Product
4093,20251130,68913,22902,907,137,11,7,9277.54,Incorrect Product
4094,20240928,68968,22920,654,16,3,1,3065.86,Damaged
4095,20241120,69005,22931,241,93,7,1,502.38,Duplicate Order
4096,20240902,69053,22948,789,63,5,2,11607.37,Quality Issue
4097,20250723,69081,22957,346,194,6,2,15271.67,Duplicate Order
4098,20251207,69086,22959,750,71,3,3,7642.04,Duplicate Order
4099,20250129,69127,22975,415,99,11,1,4613.57,Customer Changed Mind
4100,20250307,69158,22985,84,176,10,3,6064.86,Damaged
4101,20240416,69167,22987,893,196,2,1,2363.52,Duplicate Order
4102,20241010,69177,22992,397,7,11,5,839.12,Quality Issue
4103,20250402,69180,22993,855,189,11,1,1897.36,Quality Issue
4104,20240308,69216,23003,784,149,4,1,1079.96,Customer Changed Mind
4105,20240301,69232,23009,483,154,3,1,2579.18,Duplicate Order
4106,20250721,69241,23012,241,165,1,1,5766.12,Quality Issue
4107,20240910,69266,23019,638,103,4,1,5927.48,Customer Changed Mind
4108,20250105,69296,23031,217,52,8,1,8145.96,Damaged
4109,20251014,69334,23043,801,40,12,3,23932.48,Duplicate Order
4110,20251107,69348,23046,520,7,9,1,150.72,Damaged
4111,20250409,69352,23047,78,192,3,5,22372.79,Damaged
4112,20241024,69423,23076,799,18,5,3,7461.6,Quality Issue
4113,20240207,69434,23080,713,173,12,2,6978.79,Customer Changed Mind
4114,20250305,69472,23093,329,66,9,2,7067.57,Duplicate Order
4115,20250709,69486,23097,857,127,1,5,9358.27,Customer Changed Mind
4116,20240402,69505,23102,413,190,11,6,12735.67,Quality Issue
4117,20240612,69525,23109,124,141,12,4,7894.36,Duplicate Order
4118,20240628,69529,23111,274,83,11,4,5512.54,Incorrect Product
4119,20240816,69535,23114,800,105,5,1,5327.62,Damaged
4120,20240413,69564,23123,476,41,8,3,13922.93,Duplicate Order
4121,20240309,69573,23126,883,78,12,5,33905.48,Incorrect Product
4122,20251230,69585,23131,621,173,4,3,17296.65,Duplicate Order
4123,20250625,69602,23136,201,14,10,1,3689.61,Duplicate Order
4124,20250625,69603,23136,201,75,10,1,5762.92,Damaged
4125,20250418,69605,23137,703,112,7,1,4435.67,Duplicate Order
4126,20240601,69613,23140,988,105,10,1,5102.19,Damaged
4127,20241018,69669,23158,941,197,6,1,4519.77,Damaged
4128,20240904,69683,23162,468,133,3,2,9041.42,Duplicate Order
4129,20250811,69696,23166,849,104,6,3,14477.38,Duplicate Order
4130,20250719,69710,23172,690,66,8,1,4319.17,Damaged
4131,20250515,69772,23196,603,131,9,2,8609.44,Quality Issue
4132,20241113,69798,23205,111,3,2,7,10053.65,Duplicate Order
4133,20250329,69823,23213,786,48,2,2,14718.61,Damaged
4134,20240714,69835,23216,593,19,5,1,4097.42,Customer Changed Mind
4135,20250322,69849,23224,349,92,2,1,267.08,Duplicate Order
4136,20240620,69902,23241,704,120,9,2,1508.31,Incorrect Product
4137,20241021,69920,23250,234,139,10,2,12246.74,Customer Changed Mind
4138,20241211,69936,23255,279,171,4,1,897.15,Damaged
4139,20241211,69940,23255,279,43,4,1,5269.66,Duplicate Order
4140,20250915,69972,23266,158,95,12,1,4784.74,Damaged
4141,20250527,69973,23267,992,24,12,2,7355.81,Customer Changed Mind
4142,20240719,69975,23268,414,43,6,1,4024.59,Customer Changed Mind
4143,20241024,69987,23273,381,130,5,6,41101.68,Duplicate Order
4144,20241024,69989,23273,381,155,5,1,3467.85,Quality Issue
4145,20251220,70009,23281,731,103,4,2,11777.92,Quality Issue
4146,20250713,70013,23282,377,39,5,2,6772.73,Damaged
4147,20240130,70015,23283,947,192,3,1,5021.76,Damaged
4148,20250505,70097,23312,35,63,9,3,16923.22,Incorrect Product
4149,20251106,70120,23320,734,71,2,5,10732.66,Quality Issue
4150,20250323,70169,23334,929,104,5,2,8460.28,Duplicate Order
4151,20250411,70178,23337,933,20,10,1,2352.86,Damaged
4152,20240305,70181,23338,852,118,5,1,6180.06,Duplicate Order
4153,20240728,70243,23357,250,42,11,1,4275.4,Incorrect Product
4154,20251029,70291,23370,453,128,7,1,437.62,Quality Issue
4155,20240331,70295,23371,512,184,5,1,4770.64,Incorrect Product
4156,20250324,70297,23372,131,144,11,6,47394.56,Damaged
4157,20250324,70298,23372,131,194,11,3,22063.96,Damaged
4158,20240705,70325,23383,623,85,2,6,2597.66,Customer Changed Mind
4159,20250603,70340,23387,846,94,3,1,1708.66,Quality Issue
4160,20250113,70368,23395,265,150,7,6,36066.43,Quality Issue
4161,20250324,70413,23410,355,137,3,3,3682.4,Customer Changed Mind
4162,20250507,70419,23412,112,5,8,3,9019.68,Incorrect Product
4163,20250905,70434,23416,34,198,2,1,4645.5,Duplicate Order
4164,20250108,70449,23421,334,97,2,1,2652.25,Duplicate Order
4165,20251110,70466,23424,753,186,10,3,30594.18,Duplicate Order
4166,20251217,70511,23442,335,170,12,4,3353.65,Customer Changed Mind
4167,20251119,70523,23445,874,188,10,1,4384.13,Damaged
4168,20241220,70543,23450,912,68,5,1,974.07,Damaged
4169,20240412,70548,23451,920,38,1,1,6655.77,Quality Issue
4170,20250406,70565,23457,383,50,9,3,3384.83,Damaged
4171,20240316,70566,23458,745,193,7,1,4478.18,Quality Issue
4172,20241210,70594,23466,349,129,10,1,4973.0,Quality Issue
4173,20241119,70596,23467,741,199,11,2,13159.81,Damaged
4174,20240812,70609,23472,648,116,7,3,13907.32,Duplicate Order
4175,20250618,70619,23474,902,101,7,4,19434.41,Incorrect Product
4176,20240412,70624,23475,797,53,3,7,7948.74,Damaged
4177,20251108,70645,23482,700,126,6,6,45295.7,Incorrect Product
4178,20241115,70647,23483,797,159,7,4,12011.25,Quality Issue
4179,20251218,70651,23484,609,135,5,2,7806.36,Damaged
4180,20240626,70666,23487,653,150,8,3,19773.18,Quality Issue
4181,20250626,70705,23500,339,150,12,5,27169.42,Damaged
4182,20241103,70750,23517,525,16,5,1,3290.44,Quality Issue
4183,20251214,70761,23520,419,191,11,3,17526.36,Duplicate Order
4184,20251216,70784,23527,286,22,5,1,4952.0,Duplicate Order
4185,20241024,70822,23538,678,70,10,2,4368.67,Customer Changed Mind
4186,20250102,70824,23539,886,27,6,4,14584.58,Customer Changed Mind
4187,20250710,70864,23554,740,59,1,6,13396.32,Damaged
4188,20250411,70882,23561,856,148,6,1,1209.94,Duplicate Order
4189,20240604,70886,23562,840,70,11,4,6825.6,Duplicate Order
4190,20240318,70959,23583,217,21,12,3,8642.12,Customer Changed Mind
4191,20250313,71012,23602,347,121,12,3,5287.8,Quality Issue
4192,20250323,71032,23608,309,152,9,2,11430.5,Damaged
4193,20250820,71061,23619,541,78,11,2,11180.84,Quality Issue
4194,20250731,71084,23626,67,2,12,2,13985.39,Customer Changed Mind
4195,20240112,71096,23630,258,95,3,1,3849.74,Incorrect Product
4196,20250827,71110,23636,867,42,9,1,5397.76,Damaged
4197,20240324,71120,23638,629,74,1,1,4710.54,Quality Issue
4198,20240522,71143,23644,76,107,4,3,5976.14,Incorrect Product
4199,20240819,71151,23647,24,50,3,1,876.33,Quality Issue
4200,20240305,71162,23652,363,125,7,2,18851.44,Duplicate Order
4201,20250610,71173,23656,168,78,1,2,10810.74,Quality Issue
4202,20241207,71209,23667,467,90,6,4,7034.74,Damaged
4203,20241001,71222,23671,636,80,4,3,24462.68,Incorrect Product
4204,20250904,71229,23673,23,170,2,3,3121.38,Quality Issue
4205,20240317,71245,23677,832,17,11,2,6342.28,Customer Changed Mind
4206,20240428,71250,23679,805,48,11,6,34825.85,Damaged
4207,20240625,71294,23693,749,34,6,3,904.53,Damaged
4208,20250512,71313,23701,139,117,5,5,8413.3,Quality Issue
4209,20250424,71327,23704,775,3,6,1,1290.33,Quality Issue
4210,20240308,71337,23707,121,182,9,1,3092.38,Customer Changed Mind
4211,20240120,71353,23712,100,18,12,2,4451.92,Duplicate Order
4212,20240831,71359,23714,158,180,4,2,3808.88,Quality Issue
4213,20240814,71392,23725,979,49,12,1,4607.27,Damaged
4214,20251003,71450,23742,15,76,3,5,17152.99,Duplicate Order
4215,20250725,71499,23757,356,42,12,2,13292.0,Customer Changed Mind
4216,20250628,71516,23762,69,47,4,4,11341.44,Customer Changed Mind
4217,20250813,71560,23775,387,10,9,1,2014.24,Customer Changed Mind
4218,20250721,71567,23777,558,187,5,1,7180.55,Duplicate Order
4219,20250719,71592,23786,483,12,9,2,4917.91,Customer Changed Mind
4220,20250420,71653,23805,728,8,11,2,11836.05,Quality Issue
4221,20240720,71682,23814,433,134,5,1,4887.72,Damaged
4222,20250221,71697,23817,679,186,3,1,6020.67,Incorrect Product
4223,20250126,71720,23824,331,124,4,1,3960.02,Incorrect Product
4224,20240529,71734,23830,621,180,11,5,8362.94,Incorrect Product
4225,20241126,71773,23845,983,52,12,3,23138.43,Incorrect Product
4226,20240101,71777,23847,538,121,9,2,3331.39,Damaged
4227,20240101,71778,23847,538,199,9,5,34213.57,Damaged
4228,20240630,71813,23856,217,135,1,2,8516.95,Quality Issue
4229,20251102,71820,23858,298,89,10,2,22068.77,Damaged
4230,20250518,71834,23865,242,43,5,2,10424.35,Incorrect Product
4231,20240309,71850,23871,665,81,6,1,1273.16,Duplicate Order
4232,20241212,71856,23873,501,13,5,2,20306.04,Incorrect Product
4233,20240408,71892,23883,936,157,2,4,4527.01,Damaged
4234,20250218,71898,23885,247,4,10,2,1798.14,Quality Issue
4235,20241029,71920,23890,567,152,3,3,17880.19,Quality Issue
4236,20250419,71925,23892,585,178,12,3,16865.57,Customer Changed Mind
4237,20241204,71934,23895,883,20,3,5,10143.47,Damaged
4238,20250823,71945,23898,461,98,1,2,1262.6,Customer Changed Mind
4239,20240212,71957,23902,456,152,9,5,22340.54,Damaged
4240,20240831,71983,23911,969,81,5,2,2789.55,Duplicate Order
4241,20250113,71988,23914,535,148,3,1,807.99,Duplicate Order
4242,20250329,72017,23925,359,190,10,1,1782.79,Duplicate Order
4243,20240312,72031,23930,976,46,4,1,490.7,Quality Issue
4244,20241027,72036,23931,904,134,1,2,10816.03,Damaged
4245,20240323,72044,23935,259,27,4,1,4026.82,Quality Issue
4246,20240625,72086,23949,560,36,9,2,4134.82,Damaged
4247,20240625,72088,23949,560,132,9,1,7895.76,Customer Changed Mind
4248,20240923,72093,23951,799,51,4,2,6151.51,Customer Changed Mind
4249,20240923,72094,23951,799,182,4,2,5477.71,Incorrect Product
4250,20250912,72102,23954,157,127,9,1,1948.81,Incorrect Product
4251,20240216,72116,23959,853,95,10,1,3943.77,Quality Issue
4252,20251015,72117,23960,573,120,10,1,899.43,Incorrect Product
4253,20251015,72148,23970,838,120,10,1,965.39,Quality Issue
4254,20240121,72158,23973,289,59,6,3,7969.98,Quality Issue
4255,20250309,72159,23974,571,20,5,1,2061.61,Duplicate Order
4256,20251229,72169,23977,837,91,1,1,1946.47,Duplicate Order
4257,20241109,72186,23983,384,70,5,2,3432.42,Incorrect Product
4258,20241030,72191,23984,732,69,8,6,24251.71,Quality Issue
4259,20240901,72198,23986,485,199,9,1,6498.52,Damaged
4260,20250412,72211,23989,679,153,12,5,980.75,Duplicate Order
4261,20240602,72224,23994,928,171,12,3,2111.62,Damaged
4262,20251113,72238,23997,584,179,8,2,7959.58,Incorrect Product
4263,20240629,72244,23998,915,28,7,1,347.7,Incorrect Product
4264,20250714,72291,24013,895,34,10,2,541.91,Customer Changed Mind
4265,20241213,72316,24020,133,37,4,5,11942.16,Customer Changed Mind
4266,20250112,72366,24037,434,192,9,1,5481.13,Duplicate Order
4267,20250531,72378,24041,375,13,6,1,9789.57,Incorrect Product
4268,20250227,72387,24043,325,58,11,5,35023.99,Customer Changed Mind
4269,20250927,72392,24046,563,174,8,3,5469.53,Customer Changed Mind
4270,20250225,72400,24048,778,33,2,7,24172.8,Damaged
4271,20250225,72402,24048,778,51,2,1,3440.97,Quality Issue
4272,20240603,72407,24049,819,117,8,1,2073.91,Customer Changed Mind
4273,20250525,72415,24052,106,78,3,1,5937.52,Incorrect Product
4274,20251105,72422,24054,441,132,4,1,7633.95,Damaged
4275,20241223,72429,24056,587,52,11,2,20427.48,Damaged
4276,20240516,72431,24057,415,87,4,3,10958.79,Damaged
4277,20250506,72436,24059,48,158,9,1,4196.39,Quality Issue
4278,20250417,72516,24085,555,69,10,3,12945.77,Customer Changed Mind
4279,20251005,72552,24097,981,141,12,3,8043.05,Quality Issue
4280,20251005,72553,24097,981,100,12,2,1312.71,Duplicate Order
4281,20250316,72563,24100,985,136,1,1,2402.48,Duplicate Order
4282,20251013,72585,24107,379,35,9,1,1628.39,Incorrect Product
4283,20240911,72590,24110,195,169,10,5,20639.59,Customer Changed Mind
4284,20250324,72631,24126,941,194,7,3,22976.21,Incorrect Product
4285,20250312,72641,24129,806,92,9,1,270.6,Quality Issue
4286,20240630,72666,24136,385,60,11,5,5142.62,Customer Changed Mind
4287,20250409,72674,24139,974,46,2,5,2106.36,Customer Changed Mind
4288,20240119,72695,24147,731,135,11,5,20538.9,Customer Changed Mind
4289,20240104,72708,24151,730,64,4,2,4853.48,Quality Issue
4290,20250814,72723,24156,272,128,6,2,930.8,Quality Issue
4291,20241130,72729,24158,784,100,3,1,606.57,Customer Changed Mind
4292,20250420,72731,24159,459,92,3,4,1160.06,Duplicate Order
4293,20241030,72736,24160,708,53,6,4,5328.46,Incorrect Product
4294,20240212,72787,24176,435,60,5,5,4444.38,Duplicate Order
4295,20250217,72807,24182,588,131,3,4,12057.46,Incorrect Product
4296,20250419,72818,24186,159,92,9,1,270.05,Duplicate Order
4297,20240703,72827,24189,386,31,7,6,46453.33,Incorrect Product
4298,20240308,72835,24191,164,171,3,4,2697.92,Damaged
4299,20240311,72850,24199,545,65,6,3,7267.66,Quality Issue
4300,20250708,72858,24202,755,93,9,1,488.76,Customer Changed Mind
4301,20250530,72863,24204,674,154,4,2,4595.57,Damaged
4302,20240207,72868,24207,501,97,5,1,2741.1,Customer Changed Mind
4303,20241214,72898,24217,377,99,2,3,11617.73,Duplicate Order
4304,20241214,72902,24217,377,139,2,1,7066.26,Quality Issue
4305,20240726,72916,24220,527,29,6,2,5303.4,Duplicate Order
4306,20240107,72917,24221,442,156,7,2,7837.5,Duplicate Order
4307,20240914,72957,24236,69,188,2,1,3230.67,Quality Issue
4308,20250807,72964,24238,468,142,2,1,4257.56,Customer Changed Mind
4309,20250807,72966,24238,468,124,2,2,6470.77,Quality Issue
4310,20240827,73050,24265,834,117,8,3,6757.12,Quality Issue
4311,20250611,73070,24271,183,76,10,6,22130.74,Duplicate Order
4312,20250921,73080,24274,748,11,4,6,27184.07,Quality Issue
4313,20240316,73082,24275,52,195,1,1,7398.31,Quality Issue
4314,20240908,73084,24276,618,41,6,3,11102.2,Duplicate Order
4315,20251027,73105,24282,809,2,5,1,8186.48,Customer Changed Mind
4316,20240602,73122,24289,628,199,10,2,8864.29,Incorrect Product
4317,20240129,73130,24291,372,62,3,6,2981.82,Quality Issue
4318,20250812,73175,24308,801,179,3,6,27271.51,Customer Changed Mind
4319,20250928,73187,24311,851,120,11,1,685.21,Duplicate Order
4320,20240505,73189,24312,921,165,6,3,14004.92,Damaged
4321,20241118,73214,24320,174,73,10,2,13412.79,Customer Changed Mind
4322,20250801,73219,24321,980,29,2,2,4443.72,Customer Changed Mind
4323,20241218,73230,24325,205,194,3,1,8170.51,Damaged
4324,20240603,73240,24327,58,88,11,1,4036.94,Damaged
4325,20251025,73245,24329,254,104,6,4,23902.71,Duplicate Order
4326,20241118,73268,24337,32,4,6,1,1303.24,Quality Issue
4327,20240317,73279,24343,180,79,1,1,4708.71,Duplicate Order
4328,20251020,73282,24344,448,85,5,3,1445.26,Duplicate Order
4329,20240720,73296,24347,947,51,10,2,7101.29,Customer Changed Mind
4330,20240704,73320,24354,525,193,10,2,7210.84,Quality Issue
4331,20240704,73321,24354,525,54,10,1,4760.59,Duplicate Order
4332,20241206,73326,24356,863,3,6,1,1639.67,Duplicate Order
4333,20250305,73334,24360,958,136,7,4,10731.54,Duplicate Order
4334,20250603,73355,24365,651,151,3,1,9714.22,Damaged
4335,20250927,73386,24374,213,125,12,2,16399.86,Incorrect Product
4336,20250607,73389,24375,100,75,1,2,11511.36,Incorrect Product
4337,20250416,73392,24377,24,162,9,3,6848.96,Damaged
4338,20250807,73407,24381,654,165,11,1,5543.48,Quality Issue
4339,20240823,73413,24383,974,182,2,3,9802.43,Incorrect Product
4340,20250824,73415,24384,267,90,5,3,4908.02,Quality Issue
4341,20240314,73417,24386,619,86,3,3,18221.76,Customer Changed Mind
4342,20251013,73435,24392,998,149,11,1,1485.49,Customer Changed Mind
4343,20240309,73438,24394,448,27,3,1,4071.1,Incorrect Product
4344,20240309,73440,24394,448,165,3,3,12799.11,Customer Changed Mind
4345,20250522,73441,24395,627,108,9,1,8436.83,Incorrect Product
4346,20240904,73444,24396,206,96,3,1,3925.18,Quality Issue
4347,20250216,73474,24408,695,76,9,1,3926.84,Quality Issue
4348,20240922,73496,24415,444,72,9,2,11541.5,Incorrect Product
4349,20251005,73502,24418,688,99,11,2,8622.45,Damaged
4350,20241208,73577,24437,804,183,3,4,23983.63,Duplicate Order
4351,20251011,73598,24444,276,134,2,2,8505.9,Incorrect Product
4352,20250510,73627,24455,737,193,5,2,8871.73,Incorrect Product
4353,20250716,73631,24457,429,25,6,1,1790.69,Damaged
4354,20240825,73660,24466,491,30,3,1,7976.34,Damaged
4355,20241007,73664,24467,31,191,8,2,9439.4,Customer Changed Mind
4356,20240908,73674,24471,84,127,8,6,7645.89,Incorrect Product
4357,20250903,73680,24473,661,21,3,6,16543.99,Quality Issue
4358,20250211,73733,24489,320,110,12,3,354.46,Customer Changed Mind
4359,20250223,73736,24490,949,151,5,2,15677.28,Incorrect Product
4360,20251130,73749,24493,25,139,9,2,14263.6,Customer Changed Mind
4361,20250604,73753,24494,442,9,12,1,3039.11,Quality Issue
4362,20251021,73755,24495,945,175,4,1,9514.46,Customer Changed Mind
4363,20251021,73756,24495,945,198,4,2,7046.79,Quality Issue
4364,20251208,73808,24515,740,60,9,1,1303.57,Incorrect Product
4365,20240202,73859,24533,987,106,11,4,14302.42,Incorrect Product
4366,20240217,73863,24534,725,130,10,5,33520.59,Quality Issue
4367,20240812,73880,24539,615,183,9,2,8063.94,Quality Issue
4368,20250219,73898,24544,546,6,3,3,9875.94,Customer Changed Mind
4369,20250807,73918,24548,310,89,9,2,17272.46,Damaged
4370,20250308,73929,24551,392,87,9,5,15875.61,Quality Issue
4371,20241014,73967,24561,410,121,9,4,9367.08,Quality Issue
4372,20250523,73971,24563,110,77,11,4,13823.85,Customer Changed Mind
4373,20250619,73989,24567,754,184,8,1,6299.8,Damaged
4374,20250101,73993,24568,980,138,9,5,8279.29,Customer Changed Mind
4375,20240618,73998,24571,939,79,11,5,24816.4,Customer Changed Mind
4376,20251121,74039,24584,800,4,11,6,6884.68,Damaged
4377,20250420,74042,24585,857,117,8,1,2196.63,Damaged
4378,20241124,74049,24588,851,25,5,3,5759.93,Quality Issue
4379,20240901,74081,24597,525,12,7,2,5636.32,Quality Issue
4380,20240815,74087,24598,957,124,12,1,3115.63,Damaged
4381,20241223,74090,24599,671,43,12,1,3945.94,Quality Issue
4382,20240717,74106,24603,653,80,2,5,37150.38,Duplicate Order
4383,20240605,74121,24608,559,113,3,2,353.02,Duplicate Order
4384,20251118,74145,24615,293,89,1,3,33300.26,Damaged
4385,20240319,74173,24625,101,36,8,2,6720.59,Quality Issue
4386,20250105,74195,24630,354,183,6,2,8901.03,Duplicate Order
4387,20241210,74213,24637,426,136,3,1,2554.22,Customer Changed Mind
4388,20250101,74256,24655,701,102,7,1,5571.03,Incorrect Product
4389,20240201,74258,24656,942,166,4,4,18509.71,Customer Changed Mind
4390,20251129,74312,24675,485,40,7,3,19189.74,Duplicate Order
4391,20240625,74334,24681,773,51,3,1,3481.72,Customer Changed Mind
4392,20251129,74353,24687,945,83,9,5,7024.67,Duplicate Order
4393,20240326,74374,24695,718,40,5,2,16867.39,Duplicate Order
4394,20250719,74507,24736,740,130,6,3,17610.85,Quality Issue
4395,20250224,74518,24741,187,50,12,1,1052.49,Customer Changed Mind
4396,20240514,74524,24742,779,24,3,1,3462.22,Duplicate Order
4397,20251230,74537,24747,375,196,3,4,12813.62,Duplicate Order
4398,20250101,74540,24748,121,186,9,4,30615.43,Damaged
4399,20240817,74563,24754,958,61,7,4,13583.79,Duplicate Order
4400,20250701,74567,24755,307,99,9,3,12989.22,Duplicate Order
4401,20250701,74568,24755,307,64,9,1,2428.1,Quality Issue
4402,20241109,74587,24761,834,20,4,1,2207.83,Customer Changed Mind
4403,20250325,74628,24773,798,130,11,3,22215.93,Duplicate Order
4404,20250325,74629,24773,798,44,11,1,6910.83,Customer Changed Mind
4405,20240307,74647,24779,239,5,11,2,5990.32,Duplicate Order
4406,20240307,74650,24779,239,23,11,4,6377.37,Quality Issue
4407,20240111,74665,24785,605,110,3,3,319.09,Damaged
4408,20240213,74684,24791,966,128,1,1,476.45,Quality Issue
4409,20250813,74692,24794,310,158,3,6,26519.39,Customer Changed Mind
4410,20250813,74717,24803,431,139,7,6,38532.76,Duplicate Order
4411,20240721,74758,24817,924,64,1,2,4829.92,Damaged
4412,20240721,74760,24817,924,168,1,4,8231.68,Quality Issue
4413,20240524,74765,24818,582,168,4,2,3256.45,Quality Issue
4414,20240722,74770,24821,974,94,5,7,14686.91,Damaged
4415,20240722,74771,24821,974,124,5,4,16103.32,Quality Issue
4416,20251214,74886,24860,847,72,9,4,23269.96,Damaged
4417,20250814,74894,24862,173,95,12,1,5090.22,Duplicate Order
4418,20240331,74900,24864,742,70,9,4,7404.53,Customer Changed Mind
4419,20250628,74901,24865,553,180,4,1,2170.87,Quality Issue
4420,20240801,74912,24867,629,13,4,5,55614.06,Incorrect Product
4421,20250818,74913,24868,649,1,6,1,4699.02,Quality Issue
4422,20250722,74949,24878,403,173,9,4,18904.12,Damaged
4423,20250614,74975,24886,152,101,3,1,5536.06,Customer Changed Mind
4424,20250319,75004,24897,915,39,8,1,4409.13,Damaged
4425,20240227,75007,24898,589,60,1,1,978.7,Customer Changed Mind
4426,20240330,75021,24902,252,198,11,1,3391.92,Quality Issue
4427,20240629,75038,24908,483,118,12,6,42827.25,Quality Issue
4428,20240611,75045,24910,552,44,6,2,11820.95,Damaged
4429,20250411,75066,24918,723,67,2,4,3420.58,Incorrect Product
4430,20250116,75092,24925,911,181,11,1,4970.19,Incorrect Product
4431,20250620,75115,24934,511,101,11,1,5386.18,Incorrect Product
4432,20240214,75122,24936,10,20,12,6,10228.26,Customer Changed Mind
4433,20250730,75126,24937,679,28,3,4,1344.89,Duplicate Order
4434,20240825,75131,24939,22,113,9,3,422.66,Duplicate Order
4435,20240825,75132,24939,22,13,9,3,25341.61,Customer Changed Mind
4436,20240719,75147,24943,849,76,10,1,3262.59,Damaged
4437,20250320,75150,24944,988,78,10,2,8862.08,Damaged
4438,20251107,75173,24950,951,98,5,5,4252.42,Quality Issue
4439,20251107,75175,24950,951,186,5,3,28247.24,Quality Issue
4440,20240713,75203,24960,847,129,4,2,10006.14,Quality Issue
4441,20250908,75207,24962,896,128,5,1,492.2,Incorrect Product
4442,20240112,75237,24972,150,2,8,1,6132.37,Incorrect Product
4443,20240601,75267,24982,799,35,7,2,2420.38,Incorrect Product
4444,20251223,75289,24989,872,52,7,3,27187.43,Damaged
4445,20240311,75306,24993,922,134,9,3,14266.48,Incorrect Product
4446,20241106,75310,24994,631,76,7,4,14601.15,Quality Issue
